/*
 Navicat Premium Data Transfer

 Source Server         : 本机MySQL
 Source Server Type    : MySQL
 Source Server Version : 50719 (5.7.19)
 Source Host           : localhost:3306
 Source Schema         : reggie

 Target Server Type    : MySQL
 Target Server Version : 50719 (5.7.19)
 File Encoding         : 65001

 Date: 01/12/2024 20:43:13
*/

SET NAMES utf8mb4;
SET FOREIGN_KEY_CHECKS = 0;

-- ----------------------------
-- Table structure for address_book
-- ----------------------------
DROP TABLE IF EXISTS `address_book`;
CREATE TABLE `address_book`  (
  `id` bigint(20) NOT NULL COMMENT '主键',
  `user_id` bigint(20) NOT NULL COMMENT '用户id',
  `consignee` varchar(50) CHARACTER SET utf8 COLLATE utf8_bin NOT NULL COMMENT '收货人',
  `sex` tinyint(4) NOT NULL COMMENT '性别 0 女 1 男',
  `phone` varchar(11) CHARACTER SET utf8 COLLATE utf8_bin NOT NULL COMMENT '手机号',
  `province_code` varchar(12) CHARACTER SET utf8mb4 COLLATE utf8mb4_general_ci NULL DEFAULT NULL COMMENT '省级区划编号',
  `province_name` varchar(32) CHARACTER SET utf8mb4 COLLATE utf8mb4_general_ci NULL DEFAULT NULL COMMENT '省级名称',
  `city_code` varchar(12) CHARACTER SET utf8mb4 COLLATE utf8mb4_general_ci NULL DEFAULT NULL COMMENT '市级区划编号',
  `city_name` varchar(32) CHARACTER SET utf8mb4 COLLATE utf8mb4_general_ci NULL DEFAULT NULL COMMENT '市级名称',
  `district_code` varchar(12) CHARACTER SET utf8mb4 COLLATE utf8mb4_general_ci NULL DEFAULT NULL COMMENT '区级区划编号',
  `district_name` varchar(32) CHARACTER SET utf8mb4 COLLATE utf8mb4_general_ci NULL DEFAULT NULL COMMENT '区级名称',
  `detail` varchar(200) CHARACTER SET utf8mb4 COLLATE utf8mb4_general_ci NULL DEFAULT NULL COMMENT '详细地址',
  `label` varchar(100) CHARACTER SET utf8mb4 COLLATE utf8mb4_general_ci NULL DEFAULT NULL COMMENT '标签',
  `is_default` tinyint(1) NOT NULL DEFAULT 0 COMMENT '默认 0 否 1是',
  `create_time` datetime NOT NULL COMMENT '创建时间',
  `update_time` datetime NOT NULL COMMENT '更新时间',
  `create_user` bigint(20) NOT NULL COMMENT '创建人',
  `update_user` bigint(20) NOT NULL COMMENT '修改人',
  `is_deleted` int(11) NOT NULL DEFAULT 0 COMMENT '是否删除',
  PRIMARY KEY (`id`) USING BTREE
) ENGINE = InnoDB CHARACTER SET = utf8 COLLATE = utf8_bin COMMENT = '地址管理' ROW_FORMAT = Dynamic;

-- ----------------------------
-- Records of address_book
-- ----------------------------
INSERT INTO `address_book` VALUES (1652955564797964290, 1649253527258144769, 'ikun', 1, '15807921745', NULL, NULL, NULL, NULL, NULL, NULL, '江西农业大学', '学校', 1, '2023-05-01 16:38:12', '2023-05-01 16:38:13', 1649253527258144769, 1649253527258144769, 0);
INSERT INTO `address_book` VALUES (1652957017927069698, 1651550629921411073, 'ikun', 1, '15807921745', NULL, NULL, NULL, NULL, NULL, NULL, '江西农业大学', '家', 0, '2023-05-01 16:43:58', '2023-05-01 16:57:49', 1651550629921411073, 1651550629921411073, 0);
INSERT INTO `address_book` VALUES (1652960646843183106, 1651550629921411073, 'ikun', 1, '15807921745', NULL, NULL, NULL, NULL, NULL, NULL, '江西农业大学软件学院', '学校', 1, '2023-05-01 16:58:23', '2023-05-01 16:58:27', 1651550629921411073, 1651550629921411073, 0);

-- ----------------------------
-- Table structure for category
-- ----------------------------
DROP TABLE IF EXISTS `category`;
CREATE TABLE `category`  (
  `id` bigint(20) NOT NULL COMMENT '主键',
  `type` int(11) NULL DEFAULT NULL COMMENT '类型   1 商品分类 2 特惠分类',
  `name` varchar(64) CHARACTER SET utf8 COLLATE utf8_bin NOT NULL COMMENT '分类名称',
  `sort` int(11) NOT NULL DEFAULT 0 COMMENT '顺序',
  `create_time` datetime NOT NULL COMMENT '创建时间',
  `update_time` datetime NOT NULL COMMENT '更新时间',
  `create_user` bigint(20) NOT NULL COMMENT '创建人',
  `update_user` bigint(20) NOT NULL COMMENT '修改人',
  PRIMARY KEY (`id`) USING BTREE,
  UNIQUE INDEX `idx_category_name`(`name`) USING BTREE
) ENGINE = InnoDB CHARACTER SET = utf8 COLLATE = utf8_bin COMMENT = '菜品及套餐分类' ROW_FORMAT = Dynamic;

-- ----------------------------
-- Records of category
-- ----------------------------
INSERT INTO `category` VALUES (1397844263642378242, 1, '水饮料', 1, '2021-05-27 09:16:58', '2023-04-17 17:27:04', 1, 1);
INSERT INTO `category` VALUES (1397844303408574465, 1, '营养牛奶', 2, '2021-05-27 09:17:07', '2023-04-17 17:27:20', 1, 1);
INSERT INTO `category` VALUES (1397844391040167938, 1, '方便速食', 3, '2021-05-27 09:17:28', '2023-04-17 17:27:36', 1, 1);
INSERT INTO `category` VALUES (1413341197421846529, 1, '糖果甜食', 7, '2021-07-09 11:36:15', '2023-04-21 16:34:12', 1, 1);
INSERT INTO `category` VALUES (1413342269393674242, 1, '饼干糕点', 4, '2021-07-09 11:40:30', '2023-04-17 17:28:01', 1, 1);
INSERT INTO `category` VALUES (1413384954989060097, 1, '日用百货', 8, '2021-07-09 14:30:07', '2023-04-17 17:29:21', 1, 1);
INSERT INTO `category` VALUES (1413386191767674881, 1, '开胃辣食', 5, '2021-07-09 14:35:02', '2023-04-17 17:28:21', 1, 1);
INSERT INTO `category` VALUES (1647845091173818370, 1, '休闲零食', 6, '2023-04-17 14:11:00', '2023-04-17 17:28:35', 1, 1);
INSERT INTO `category` VALUES (1648243849803972609, 2, '特惠推荐', 1, '2023-04-18 16:35:31', '2023-04-18 16:35:31', 1, 1);

-- ----------------------------
-- Table structure for dish
-- ----------------------------
DROP TABLE IF EXISTS `dish`;
CREATE TABLE `dish`  (
  `id` bigint(20) NOT NULL COMMENT '主键',
  `name` varchar(64) CHARACTER SET utf8 COLLATE utf8_bin NOT NULL COMMENT '商品名称',
  `category_id` bigint(20) NOT NULL COMMENT '商品分类id',
  `price` decimal(10, 2) NULL DEFAULT NULL COMMENT '商品价格',
  `code` varchar(64) CHARACTER SET utf8 COLLATE utf8_bin NOT NULL COMMENT '商品码',
  `image` varchar(200) CHARACTER SET utf8 COLLATE utf8_bin NOT NULL COMMENT '图片地址',
  `description` varchar(400) CHARACTER SET utf8 COLLATE utf8_bin NULL DEFAULT NULL COMMENT '描述信息',
  `status` int(11) NOT NULL DEFAULT 1 COMMENT '0 停售 1 起售',
  `sort` int(11) NOT NULL DEFAULT 0 COMMENT '顺序',
  `create_time` datetime NOT NULL COMMENT '创建时间',
  `update_time` datetime NOT NULL COMMENT '更新时间',
  `create_user` bigint(20) NOT NULL COMMENT '创建人',
  `update_user` bigint(20) NOT NULL COMMENT '修改人',
  `is_deleted` int(11) NOT NULL DEFAULT 0 COMMENT '是否删除',
  PRIMARY KEY (`id`) USING BTREE,
  UNIQUE INDEX `idx_dish_name`(`name`) USING BTREE
) ENGINE = InnoDB CHARACTER SET = utf8 COLLATE = utf8_bin COMMENT = '菜品管理' ROW_FORMAT = Dynamic;

-- ----------------------------
-- Records of dish
-- ----------------------------
INSERT INTO `dish` VALUES (1397849739276890114, '双汇玉米热狗肠32g', 1397844391040167938, 150.00, '222222222', 'a5f2dd32-c75d-4936-998e-518255092e87.jpg', '', 1, 0, '2021-05-27 09:38:43', '2023-04-18 11:07:30', 1, 1, 0);
INSERT INTO `dish` VALUES (1397850140982161409, '双汇王中王60g', 1397844391040167938, 250.00, '123412341234', 'dbf6bdad-78ec-4e7d-9ae4-83045820d2c1.jpg', '', 1, 0, '2021-05-27 09:40:19', '2023-04-18 11:05:32', 1, 1, 0);
INSERT INTO `dish` VALUES (1397850392090947585, '双汇泡面拍档', 1397844391040167938, 250.00, '123412341234', '22757af5-3f4e-4c0e-9835-26ae12f8a6c8.jpg', '', 1, 0, '2021-05-27 09:41:19', '2023-04-18 11:04:24', 1, 1, 0);
INSERT INTO `dish` VALUES (1397850851245600769, '双汇鸡肉肠60g', 1397844391040167938, 150.00, '123412341234', '2b866fa4-999b-4dcb-83db-004d01b45302.jpg', '', 1, 0, '2021-05-27 09:43:08', '2023-04-18 11:03:36', 1, 1, 0);
INSERT INTO `dish` VALUES (1397851099502260226, '双汇台式烤香肠39g', 1397844391040167938, 250.00, '23412341234', 'c57ddb12-35e5-42c4-98d5-236a9fa7d0da.jpg', '', 1, 0, '2021-05-27 09:44:08', '2023-04-18 11:02:37', 1, 1, 0);
INSERT INTO `dish` VALUES (1397851370462687234, '双汇椰果烤香肠40g', 1397844391040167938, 250.00, '1246812345678', '093b27e4-5508-462a-972e-c9e5a7920d7d.jpg', '', 1, 0, '2021-05-27 09:45:12', '2023-04-18 11:01:34', 1, 1, 0);
INSERT INTO `dish` VALUES (1397851668262465537, '欧客香肉肠', 1397844391040167938, 200.00, '1234567812345678', '31f00125-f00e-4e94-bdd1-ff23bf0a93ef.jpg', '', 1, 0, '2021-05-27 09:46:23', '2023-04-18 11:00:15', 1, 1, 0);
INSERT INTO `dish` VALUES (1397852391150759938, '双汇润口香甜王', 1397844391040167938, 250.00, '2346812468', 'c6985455-6296-4f36-a82d-1a87a4786908.jpg', '', 1, 0, '2021-05-27 09:49:16', '2023-04-18 10:58:32', 1, 1, 0);
INSERT INTO `dish` VALUES (1397853183287013378, '喜得合 早餐肠', 1397844391040167938, 400.00, '123456787654321', '70ce13d5-92ce-47bb-9947-465c580eec1b.jpg', '', 1, 0, '2021-05-27 09:52:24', '2023-04-18 10:57:21', 1, 1, 0);
INSERT INTO `dish` VALUES (1397853709101740034, '康师傅卤香牛肉面', 1397844391040167938, 280.00, '1234321234321', 'f0bcc659-69c6-446b-8862-f5a28c1356c0.jpg', '', 1, 0, '2021-05-27 09:54:30', '2023-04-18 10:55:15', 1, 1, 0);
INSERT INTO `dish` VALUES (1397853890262118402, '火鸡面', 1397844391040167938, 350.00, '1234212321234', '19200b08-9795-4ee9-9e8c-e8aab989f44f.jpg', '', 1, 0, '2021-05-27 09:55:13', '2023-04-18 10:54:04', 1, 1, 0);
INSERT INTO `dish` VALUES (1397854652581064706, '康师傅竹笋鸡面袋装', 1397844391040167938, 280.00, '2345312·345321', '508e574e-3ccf-43ad-96fc-ad394e89a135.jpg', '', 1, 0, '2021-05-27 09:58:15', '2023-04-18 10:53:08', 1, 1, 0);
INSERT INTO `dish` VALUES (1397854865672679425, '康师傅麻辣牛肉面袋装', 1397844391040167938, 280.00, '23456431·23456', '9f20d2f2-3399-4f3d-80dd-4dfe4ba47e14.jpg', '', 1, 0, '2021-05-27 09:59:06', '2023-04-18 10:51:22', 1, 1, 0);
INSERT INTO `dish` VALUES (1397860242057375745, '康师傅番茄鸡蛋面袋装', 1397844391040167938, 280.00, '123456786543213456', '41c4d609-f6db-4b6d-b4e4-2a5a99672315.jpg', '', 1, 0, '2021-05-27 10:20:27', '2023-04-18 10:50:19', 1, 1, 0);
INSERT INTO `dish` VALUES (1397860578738352129, '统一茄皇鸡蛋面桶装', 1397844391040167938, 600.00, '12345678654', '7be135e4-1560-48c3-a0fc-a5eed7cd2f91.jpg', '', 1, 0, '2021-05-27 10:21:48', '2023-04-18 10:49:23', 1, 1, 0);
INSERT INTO `dish` VALUES (1397860792492666881, '统一茄皇牛肉面桶装', 1397844391040167938, 600.00, '213456432123456', 'e7b9adea-9c8f-460e-ba5f-492d63d7a536.jpg', '', 1, 0, '2021-05-27 10:22:39', '2023-04-18 10:48:16', 1, 1, 0);
INSERT INTO `dish` VALUES (1397861683434139649, '统一老坛酸豆角排骨面', 1397844391040167938, 280.00, '1234567876543213456', '2fa776ce-599b-4e85-8442-9d766c540597.jpg', '', 1, 0, '2021-05-27 10:26:11', '2023-04-18 10:45:29', 1, 1, 0);
INSERT INTO `dish` VALUES (1397862198033297410, '炭烧猪肉脯', 1647845091173818370, 750.00, '123456786532455', 'a830d6a5-b58d-4763-bd62-1032f05ace11.jpg', '', 1, 0, '2021-05-27 10:28:14', '2023-04-18 10:42:49', 1, 1, 0);
INSERT INTO `dish` VALUES (1397862477831122945, '正味麦片小包', 1397844391040167938, 150.00, '1234567865432', 'b5c156df-f54e-40ab-9c85-b67cd68d3f3d.jpg', '', 1, 0, '2021-05-27 10:29:20', '2023-04-18 10:44:12', 1, 1, 0);
INSERT INTO `dish` VALUES (1647928585077972994, '百事可乐', 1397844263642378242, 250.00, '', 'a440e016-9267-4c59-b1cf-a7271fe56da5.jpg', '无', 1, 0, '2023-04-17 19:42:46', '2023-04-17 19:42:46', 1, 1, 0);
INSERT INTO `dish` VALUES (1648161619354157058, '双汇火旋风刻花肠', 1397844391040167938, 250.00, '', '4d6bdf21-7cb1-4525-8a90-4d40427932bd.jpg', '', 1, 0, '2023-04-18 11:08:46', '2023-04-18 11:08:46', 1, 1, 0);
INSERT INTO `dish` VALUES (1648161949936615425, '香满天香辣金针菇', 1397844391040167938, 100.00, '', 'f44189fc-4dba-4ccc-9244-a3e8927aad4e.jpg', '', 1, 0, '2023-04-18 11:10:05', '2023-04-18 11:10:05', 1, 1, 0);
INSERT INTO `dish` VALUES (1648162257093885954, '川马牌榨菜', 1397844391040167938, 100.00, '', 'ba93b929-4301-45dd-b8c6-3fc623f59aec.jpg', '', 1, 0, '2023-04-18 11:11:18', '2023-04-18 11:11:18', 1, 1, 0);
INSERT INTO `dish` VALUES (1648162474459496450, '香满天香辣海带丝32g', 1397844391040167938, 100.00, '', 'cf885333-1022-4abe-abdc-82d1678cd69b.jpg', '', 1, 0, '2023-04-18 11:12:10', '2023-04-18 11:12:10', 1, 1, 0);
INSERT INTO `dish` VALUES (1648220705860890625, '绿豆饼', 1413342269393674242, 700.00, '', '0cddba6e-0481-4ba7-8955-57546279d338.jpg', '', 1, 0, '2023-04-18 15:03:33', '2023-04-18 15:03:33', 1, 1, 0);
INSERT INTO `dish` VALUES (1648221097713741826, '海马庄园锅巴 孜然味', 1413342269393674242, 250.00, '', '8785b5fc-418c-4f37-8e08-d7ba0c9bb840.jpg', '', 1, 0, '2023-04-18 15:05:07', '2023-04-18 15:05:07', 1, 1, 0);
INSERT INTO `dish` VALUES (1648221785172750337, '绿豆酥', 1413342269393674242, 600.00, '', 'aa4c4586-2661-4407-abd7-f389951765ef.jpg', '', 1, 0, '2023-04-18 15:07:51', '2023-04-18 15:07:51', 1, 1, 0);
INSERT INTO `dish` VALUES (1648222085552025602, '达利园 香葱咸饼', 1413342269393674242, 450.00, '', '3f5b8c74-54f4-4f05-bfea-9a66a2d0ed4a.jpg', '', 1, 0, '2023-04-18 15:09:02', '2023-04-18 15:09:02', 1, 1, 0);
INSERT INTO `dish` VALUES (1648222494479888385, '咯吱脆 铁板烧烤味', 1413342269393674242, 300.00, '', '6cdda04f-1899-42e5-8904-4fd0afa567df.jpg', '', 1, 0, '2023-04-18 15:10:40', '2023-04-18 15:10:40', 1, 1, 0);
INSERT INTO `dish` VALUES (1648222768632180738, '法丽兹 香草味夹心卷', 1413342269393674242, 400.00, '', 'fa471524-0951-4600-a7bf-c27b4b345207.jpg', '', 1, 0, '2023-04-18 15:11:45', '2023-04-18 15:11:45', 1, 1, 0);
INSERT INTO `dish` VALUES (1648223045749846018, '旺旺小小酥', 1413342269393674242, 420.00, '', '1ee7a3a8-d277-4c65-9efc-367950d09fd6.jpg', '', 1, 0, '2023-04-18 15:12:51', '2023-04-18 15:12:51', 1, 1, 0);
INSERT INTO `dish` VALUES (1648223592674504706, '洽洽咯吱脆', 1413342269393674242, 200.00, '', 'de3957a7-eee1-4e3b-9810-50f4128f2b38.jpg', '', 1, 0, '2023-04-18 15:15:02', '2023-04-18 15:15:02', 1, 1, 0);
INSERT INTO `dish` VALUES (1648223991028527106, '奈川的雪夹心饼干', 1413342269393674242, 500.00, '', '4b8ee85e-fce1-420a-9d19-c9b03ca63b7a.jpg', '', 1, 0, '2023-04-18 15:16:37', '2023-04-18 15:16:37', 1, 1, 0);
INSERT INTO `dish` VALUES (1648224137594286081, '鸡蛋卷', 1413342269393674242, 500.00, '', 'd24bddf4-e67a-4dee-9ef7-1f9a36cb92e2.jpg', '', 1, 0, '2023-04-18 15:17:12', '2023-04-18 15:17:12', 1, 1, 0);
INSERT INTO `dish` VALUES (1648224448295743489, '嘉士利早餐饼原味', 1413342269393674242, 300.00, '', '26736aa6-d072-44e5-b217-88ae94a22fc6.jpg', '', 1, 0, '2023-04-18 15:18:26', '2023-04-18 22:18:15', 1, 1, 0);
INSERT INTO `dish` VALUES (1648224697596784641, '嘉士利果乐香蓝莓味', 1413342269393674242, 400.00, '', '4c6d3d77-3cb1-4782-8243-1379c3959105.jpg', '', 1, 0, '2023-04-18 15:19:25', '2023-04-18 15:19:25', 1, 1, 0);
INSERT INTO `dish` VALUES (1648225128435691522, '纳宝帝丽', 1413342269393674242, 250.00, '', 'cf231315-419a-44f1-ad03-fcff91b36ed4.jpg', '', 1, 0, '2023-04-18 15:21:08', '2023-04-18 15:21:08', 1, 1, 0);
INSERT INTO `dish` VALUES (1648225309843533825, '旺旺仙贝', 1413342269393674242, 550.00, '', 'f62e7a27-b14b-403a-8ffd-e445c67b743f.jpg', '', 1, 0, '2023-04-18 15:21:51', '2023-04-18 15:21:51', 1, 1, 0);
INSERT INTO `dish` VALUES (1648225377610903554, '旺旺雪饼', 1413342269393674242, 600.00, '', '0c65d053-1347-4db1-bc27-8601b35caee7.jpg', '', 1, 0, '2023-04-18 15:22:07', '2023-04-18 15:22:07', 1, 1, 0);
INSERT INTO `dish` VALUES (1648226025509236737, '旺仔小馒头125g', 1413342269393674242, 850.00, '', '9262039f-c944-4c91-b1a8-d122eb82f3f2.jpg', '', 1, 0, '2023-04-18 15:24:42', '2023-04-18 15:24:42', 1, 1, 0);
INSERT INTO `dish` VALUES (1648643454098018305, '怡宝矿泉水1.5L', 1397844263642378242, 300.00, '', '6242a692-706b-4ce7-82ae-752d9fb8893f.jpg', '', 1, 0, '2023-04-19 19:03:24', '2023-04-19 19:03:24', 1, 1, 0);
INSERT INTO `dish` VALUES (1648643755802693633, '怡宝矿泉水', 1397844263642378242, 200.00, '', '9018d590-6fa3-4397-8668-2057b40fd98e.jpg', '', 1, 0, '2023-04-19 19:04:36', '2023-04-19 19:04:36', 1, 1, 0);
INSERT INTO `dish` VALUES (1648643947952148481, '名仁苏打水', 1397844263642378242, 300.00, '', 'a2b95c44-3b33-4bcc-8706-65083d6625f5.jpg', '', 1, 0, '2023-04-19 19:05:22', '2023-04-19 19:05:22', 1, 1, 0);
INSERT INTO `dish` VALUES (1648690574314291201, '百事可乐听装300ml', 1397844263642378242, 250.00, '', '397a276e-b3e5-464f-ba7b-600636d8cc07.jpg', '', 1, 0, '2023-04-19 22:10:39', '2023-04-19 22:10:39', 1, 1, 0);
INSERT INTO `dish` VALUES (1648691564119678977, '百事可乐瓶装', 1397844263642378242, 800.00, '', 'b11be6a8-3063-46ac-8d5c-0788dd388e0e.jpg', '', 1, 0, '2023-04-19 22:14:35', '2023-04-19 22:14:35', 1, 1, 0);
INSERT INTO `dish` VALUES (1648692154216222721, '雪碧2L', 1397844263642378242, 800.00, '', '66ccd465-23e6-4071-9080-4f77254dedab.jpg', '', 1, 0, '2023-04-19 22:16:55', '2023-04-19 22:16:55', 1, 1, 0);
INSERT INTO `dish` VALUES (1648692442612371457, '百事可乐瓶装600ml', 1397844263642378242, 300.00, '', '1daf3e55-d0b0-4660-84b4-9694f1eac3d2.jpg', '', 1, 0, '2023-04-19 22:18:04', '2023-04-19 22:18:04', 1, 1, 0);
INSERT INTO `dish` VALUES (1648692592592293890, '可口可乐听装', 1397844263642378242, 250.00, '', '3febc4b5-9ac7-4ae4-9033-442a6d21c346.jpg', '', 1, 0, '2023-04-19 22:18:40', '2023-04-19 22:18:40', 1, 1, 0);
INSERT INTO `dish` VALUES (1648692726310899714, '乌苏啤酒550ml', 1397844263642378242, 800.00, '', '609bd486-b431-4b04-aa55-4c2f50195e4c.jpg', '', 1, 0, '2023-04-19 22:19:12', '2023-04-19 22:19:12', 1, 1, 0);
INSERT INTO `dish` VALUES (1648692838529503233, '菠萝啤500ml', 1397844263642378242, 250.00, '', '1507b6a4-c902-4dd3-a661-8bf10b70c4ef.jpg', '', 1, 0, '2023-04-19 22:19:39', '2023-04-19 22:19:39', 1, 1, 0);
INSERT INTO `dish` VALUES (1648692956045512706, '雪碧瓶装', 1397844263642378242, 300.00, '', '000bbeb5-2d70-4c83-83aa-54d48582ed79.jpg', '', 1, 0, '2023-04-19 22:20:07', '2023-04-19 22:20:07', 1, 1, 0);
INSERT INTO `dish` VALUES (1648693106683940866, '雪碧听装', 1397844263642378242, 250.00, '', '4e79ef62-5f12-4716-aefd-841345b8afcb.jpg', '', 1, 0, '2023-04-19 22:20:43', '2023-04-19 22:20:43', 1, 1, 0);
INSERT INTO `dish` VALUES (1648693211793199105, '美年达瓶装', 1397844263642378242, 300.00, '', '6b45a929-cf1a-4c16-9b63-95d695edae9e.jpg', '', 1, 0, '2023-04-19 22:21:08', '2023-04-19 22:21:08', 1, 1, 0);
INSERT INTO `dish` VALUES (1648693382417485825, '元气森林', 1397844263642378242, 500.00, '', '9a8d6332-cf79-43f1-ab19-09e77b13d377.jpg', '', 1, 0, '2023-04-19 22:21:48', '2023-04-19 22:23:21', 1, 1, 0);
INSERT INTO `dish` VALUES (1648693591864250369, '可口可乐瓶装600ml', 1397844263642378242, 300.00, '', '5f41d629-efc0-4e23-820e-3db3bc0e8c8a.jpg', '', 1, 0, '2023-04-19 22:22:38', '2023-04-19 22:22:38', 1, 1, 0);
INSERT INTO `dish` VALUES (1648694248235077634, '康师傅水蜜桃', 1397844263642378242, 450.00, '', '0d5588e8-4f24-4035-8a15-95d585b5234e.jpg', '', 1, 0, '2023-04-19 22:25:15', '2023-04-19 22:25:15', 1, 1, 0);
INSERT INTO `dish` VALUES (1648694401335562242, '和其正', 1397844263642378242, 450.00, '', '616077be-69d8-464a-ad53-c34facae3ba3.jpg', '', 1, 0, '2023-04-19 22:25:51', '2023-04-19 22:25:51', 1, 1, 0);
INSERT INTO `dish` VALUES (1648694511985496065, '青梅绿茶', 1397844263642378242, 300.00, '', '55ff8689-8ab0-4897-ab0f-4591706ee402.jpg', '', 1, 0, '2023-04-19 22:26:18', '2023-04-19 22:26:18', 1, 1, 0);
INSERT INTO `dish` VALUES (1648694659281063938, '康师傅冰糖雪梨500ml', 1397844263642378242, 300.00, '', '5ff56cf5-3c8b-4a03-bb55-ce86f2d41a9b.jpg', '', 1, 0, '2023-04-19 22:26:53', '2023-04-20 20:09:18', 1, 1, 0);
INSERT INTO `dish` VALUES (1648694899522408450, '茶Π柠檬红茶味', 1397844263642378242, 500.00, '', 'bc8fa064-620c-4d42-aa70-336bf0b8fef2.jpg', '', 1, 0, '2023-04-19 22:27:50', '2023-04-19 22:27:50', 1, 1, 0);
INSERT INTO `dish` VALUES (1648695059207950338, '康师傅茉莉蜜茶', 1397844263642378242, 300.00, '', 'b9ca840d-3d98-4dd1-a8f1-1048538e38ee.jpg', '', 1, 0, '2023-04-19 22:28:28', '2023-04-19 22:28:28', 1, 1, 0);
INSERT INTO `dish` VALUES (1648695199499030530, '冰红茶', 1397844263642378242, 300.00, '', '1148a7e3-4539-4621-8f02-c9fd92aa7cd5.jpg', '', 1, 0, '2023-04-19 22:29:01', '2023-04-19 22:29:01', 1, 1, 0);
INSERT INTO `dish` VALUES (1648695329363070977, '统一绿茶500ml', 1397844263642378242, 300.00, '', 'e84a9364-2eda-417b-b9b1-82ff136fbd90.jpg', '', 1, 0, '2023-04-19 22:29:32', '2023-04-19 22:29:32', 1, 1, 0);
INSERT INTO `dish` VALUES (1648695530333147137, '康师傅蜂蜜柚子', 1397844263642378242, 300.00, '', '425eba24-2961-45e3-be0e-84d7dbcb9c24.jpg', '', 1, 0, '2023-04-19 22:30:20', '2023-04-20 19:28:39', 1, 1, 0);
INSERT INTO `dish` VALUES (1648695830083276801, '蜜桃乌龙茶', 1397844263642378242, 450.00, '', '0ae241d1-904b-4a3a-90d4-177d27ecbbd7.jpg', '', 1, 0, '2023-04-19 22:31:32', '2023-04-19 22:31:32', 1, 1, 0);
INSERT INTO `dish` VALUES (1649052607333388289, '佳得乐口味可选', 1397844263642378242, 500.00, '', '2561cb69-7dfd-42c8-a717-e930daf52457.jpg', '', 1, 0, '2023-04-20 22:09:14', '2023-04-20 22:12:21', 1, 1, 0);
INSERT INTO `dish` VALUES (1649052851387355137, '维他命口味可选', 1397844263642378242, 500.00, '', 'a0e5fe9b-2ed1-4702-85a6-a51bf3de9e19.jpg', '', 1, 0, '2023-04-20 22:10:12', '2023-04-20 22:12:11', 1, 1, 0);
INSERT INTO `dish` VALUES (1649053014306705410, '尖叫纤维饮料', 1397844263642378242, 500.00, '', '8b423ccd-a501-4189-a098-d5e46bea0851.jpg', '', 1, 0, '2023-04-20 22:10:51', '2023-04-20 22:10:51', 1, 1, 0);
INSERT INTO `dish` VALUES (1649053163502292993, '东鹏特饮', 1397844263642378242, 500.00, '', '1d1a0580-2cd2-4bcf-919d-316a9ef5143f.jpg', '', 1, 0, '2023-04-20 22:11:27', '2023-04-20 22:11:27', 1, 1, 0);
INSERT INTO `dish` VALUES (1649053947937804289, '银鹭花生牛奶', 1397844303408574465, 450.00, '', 'b4b9fe1c-afb7-44e2-8e67-ea846534d35a.jpg', '', 1, 0, '2023-04-20 22:14:34', '2023-04-20 22:14:34', 1, 1, 0);
INSERT INTO `dish` VALUES (1649054121183531009, '统一阿萨姆奶茶500ml', 1397844303408574465, 400.00, '', '383248ae-be2c-4481-b962-cfd5e8fa8b3e.jpg', '', 1, 0, '2023-04-20 22:15:15', '2023-04-20 22:15:15', 1, 1, 0);
INSERT INTO `dish` VALUES (1649054275424866306, '伊利早餐奶原麦味', 1397844303408574465, 350.00, '', 'beb52415-5a18-41f2-a4a0-9320bb227c1f.jpg', '', 1, 0, '2023-04-20 22:15:52', '2023-04-20 22:15:52', 1, 1, 0);
INSERT INTO `dish` VALUES (1649054431398449154, '蒙牛早餐奶核桃', 1397844303408574465, 350.00, '', '70f0fa46-53f7-465f-bc70-6ae9152053c0.jpg', '', 1, 0, '2023-04-20 22:16:29', '2023-04-20 22:16:29', 1, 1, 0);
INSERT INTO `dish` VALUES (1649054536419627010, '伊利纯牛奶', 1397844303408574465, 350.00, '', '650240e1-c190-4cd5-8ef6-560bd4974af0.jpg', '', 1, 0, '2023-04-20 22:16:54', '2023-04-20 22:16:54', 1, 1, 0);
INSERT INTO `dish` VALUES (1649054685011234817, '营养快线香草冰淇淋味', 1397844303408574465, 500.00, '', 'fbe1201d-d165-4c30-bd78-42830a41b9fd.jpg', '', 1, 0, '2023-04-20 22:17:30', '2023-04-20 22:17:30', 1, 1, 0);
INSERT INTO `dish` VALUES (1649054785120882690, '营养快线菠萝味', 1397844303408574465, 500.00, '', 'f4773a34-9567-4130-8edb-34aa72ee79ed.jpg', '', 1, 0, '2023-04-20 22:17:53', '2023-04-20 22:17:53', 1, 1, 0);
INSERT INTO `dish` VALUES (1649054897297543169, '蒙牛真果粒芦荟', 1397844303408574465, 350.00, '', '01c91387-c2b9-4472-be06-2c41877f8c7f.jpg', '', 1, 0, '2023-04-20 22:18:20', '2023-04-20 22:18:20', 1, 1, 0);
INSERT INTO `dish` VALUES (1649055019947380737, '蒙牛真果粒草莓味', 1397844303408574465, 350.00, '', '4b8d129e-e147-499b-814e-bebb3a76723f.jpg', '', 1, 0, '2023-04-20 22:18:49', '2023-04-20 22:18:49', 1, 1, 0);
INSERT INTO `dish` VALUES (1649055327297589250, '伊利优酸乳AD钙味', 1397844303408574465, 200.00, '', 'ddb2f730-5d25-4cf9-9ca9-613e8dcefa4c.jpg', '', 1, 0, '2023-04-20 22:20:03', '2023-04-20 22:20:03', 1, 1, 0);
INSERT INTO `dish` VALUES (1649055449687379969, '伊利优酸乳原味', 1397844303408574465, 200.00, '', 'da01c78f-278f-4bfd-a647-537232355c5a.jpg', '', 1, 0, '2023-04-20 22:20:32', '2023-04-20 22:20:32', 1, 1, 0);
INSERT INTO `dish` VALUES (1649055550472310786, '伊利优酸乳草莓味', 1397844303408574465, 200.00, '', '9bc21864-18d3-418d-87f2-6dd7d04136eb.jpg', '', 1, 0, '2023-04-20 22:20:56', '2023-04-20 22:20:56', 1, 1, 0);
INSERT INTO `dish` VALUES (1649055789241454594, '李子园口味可选', 1397844303408574465, 500.00, '', '18fc4fe8-cbf7-46d7-a9e8-9c0ff15f6969.jpg', '', 1, 0, '2023-04-20 22:21:53', '2023-04-20 22:21:53', 1, 1, 0);
INSERT INTO `dish` VALUES (1649055952009809921, '银鹭花生牛奶500ml', 1397844303408574465, 400.00, '', 'fd3e577a-99dd-4189-a544-b2fa17e64587.jpg', '', 1, 0, '2023-04-20 22:22:32', '2023-04-20 22:22:32', 1, 1, 0);
INSERT INTO `dish` VALUES (1649056038764793858, '旺仔牛奶', 1397844303408574465, 300.00, '', '45f853f6-f159-4d75-92f0-7436115bcfb4.jpg', '', 1, 0, '2023-04-20 22:22:52', '2023-04-20 22:22:52', 1, 1, 0);
INSERT INTO `dish` VALUES (1649056244713508866, '美汁源果粒奶优芒果味', 1397844303408574465, 450.00, '', '31e0b846-b904-4c0a-9110-4e0cd8e15521.jpg', '', 1, 0, '2023-04-20 22:23:41', '2023-04-20 22:23:41', 1, 1, 0);
INSERT INTO `dish` VALUES (1649056389849010177, '银鹭绿豆汤', 1397844303408574465, 450.00, '', 'a8ab2491-9ad1-4fed-8013-42d0a5aa2a47.jpg', '', 1, 0, '2023-04-20 22:24:16', '2023-04-20 22:24:16', 1, 1, 0);
INSERT INTO `dish` VALUES (1649056548607610881, '哇哈哈桂圆莲子八宝粥', 1397844303408574465, 450.00, '', 'd9a7dd4e-6c8b-49f2-8eda-61cf5d96073c.jpg', '', 1, 0, '2023-04-20 22:24:54', '2023-04-20 22:24:54', 1, 1, 0);
INSERT INTO `dish` VALUES (1649056682267496449, '好粥道紫米粥', 1397844303408574465, 450.00, '', 'd41735bf-1aba-4ac6-bf78-74c9ad74ed66.jpg', '', 1, 0, '2023-04-20 22:25:26', '2023-04-20 22:25:26', 1, 1, 0);
INSERT INTO `dish` VALUES (1649056764714930178, '好粥道红米', 1397844303408574465, 450.00, '', 'be11fd2e-40d2-493e-bcdd-439f1665a3ec.jpg', '', 1, 0, '2023-04-20 22:25:45', '2023-04-20 22:25:45', 1, 1, 0);
INSERT INTO `dish` VALUES (1649056929140035586, '维他奶巧克力味6盒', 1397844303408574465, 1800.00, '', 'db2af952-6c8d-4f4a-ab0a-382430f16e56.jpg', '', 1, 0, '2023-04-20 22:26:25', '2023-04-20 22:26:25', 1, 1, 0);
INSERT INTO `dish` VALUES (1649057065136148482, '维他奶原味箱6包', 1397844303408574465, 1800.00, '', '4a5222db-a797-49f4-aeea-6113a5c3fe47.jpg', '', 1, 0, '2023-04-20 22:26:57', '2023-04-20 22:26:57', 1, 1, 0);
INSERT INTO `dish` VALUES (1649057168030814209, '蒙牛纯牛奶16盒', 1397844303408574465, 5200.00, '', '184c5659-3d97-4289-a68e-342102713f21.jpg', '', 1, 0, '2023-04-20 22:27:22', '2023-04-20 22:27:22', 1, 1, 0);
INSERT INTO `dish` VALUES (1649057291368517633, '旺仔牛奶245ml12瓶', 1397844303408574465, 6200.00, '', '9b1ad5df-f359-4621-9818-f01337d10388.jpg', '', 1, 0, '2023-04-20 22:27:51', '2023-04-20 22:27:51', 1, 1, 0);
INSERT INTO `dish` VALUES (1649219548865994754, '香酥金丝条', 1413386191767674881, 300.00, '', '7224d05d-d699-4e35-8f8e-7a945321f419.jpg', '', 1, 0, '2023-04-21 09:12:36', '2023-04-21 09:12:36', 1648669967187005441, 1648669967187005441, 0);
INSERT INTO `dish` VALUES (1649219627601469442, '泼辣', 1413386191767674881, 300.00, '', 'e109fe99-f292-49e7-b005-df8a04a28405.jpg', '', 1, 0, '2023-04-21 09:12:55', '2023-04-21 09:12:55', 1648669967187005441, 1648669967187005441, 0);
INSERT INTO `dish` VALUES (1649219718047440898, '大刀肉', 1413386191767674881, 500.00, '', '35ad58ec-f3aa-43cc-8d2a-4a451647a593.jpg', '', 1, 0, '2023-04-21 09:13:16', '2023-04-21 09:13:16', 1648669967187005441, 1648669967187005441, 0);
INSERT INTO `dish` VALUES (1649219816009605122, '手撕牛肉味', 1413386191767674881, 200.00, '', '95e3e2f5-5024-4e7d-a92f-e2474314af74.jpg', '', 1, 0, '2023-04-21 09:13:40', '2023-04-21 09:13:40', 1648669967187005441, 1648669967187005441, 0);
INSERT INTO `dish` VALUES (1649219916983279617, '一根筋', 1413386191767674881, 500.00, '', 'ab4729e5-993b-4394-811a-a40c8b7469f8.jpg', '', 1, 0, '2023-04-21 09:14:04', '2023-04-21 09:14:04', 1648669967187005441, 1648669967187005441, 0);
INSERT INTO `dish` VALUES (1649220065709105153, '胜业 可乐牛肉味', 1413386191767674881, 200.00, '', '95543c0f-7fd6-43cf-93ba-f4191fa94006.jpg', '', 1, 0, '2023-04-21 09:14:39', '2023-04-21 09:14:39', 1648669967187005441, 1648669967187005441, 0);
INSERT INTO `dish` VALUES (1649220221452001281, '胜业 爆浆牛肉味', 1413386191767674881, 250.00, '', '9699444c-8382-4d42-8516-0f82cfa796f9.jpg', '', 1, 0, '2023-04-21 09:15:16', '2023-04-21 09:15:16', 1648669967187005441, 1648669967187005441, 0);
INSERT INTO `dish` VALUES (1649220344714207233, '胜业 重庆口水鸡味', 1413386191767674881, 250.00, '', '6271f270-59bc-45d1-a05b-c9e10f12f2e5.jpg', '', 1, 0, '2023-04-21 09:15:46', '2023-04-21 09:15:46', 1648669967187005441, 1648669967187005441, 0);
INSERT INTO `dish` VALUES (1649220460665741313, '佳龙 芝麻烤翅味', 1413386191767674881, 300.00, '', '79ab68c3-a9e6-4c20-82ac-559b99c23776.jpg', '', 1, 0, '2023-04-21 09:16:14', '2023-04-21 09:16:14', 1648669967187005441, 1648669967187005441, 0);
INSERT INTO `dish` VALUES (1649220588784951297, '佳龙 香辣孜然味', 1413386191767674881, 300.00, '', 'cb8a98e4-6b4c-4e59-be49-60e65e3fe92f.jpg', '', 1, 0, '2023-04-21 09:16:44', '2023-04-21 09:16:44', 1648669967187005441, 1648669967187005441, 0);
INSERT INTO `dish` VALUES (1649220686747115522, '佳龙 手撕牛排味', 1413386191767674881, 300.00, '', '375521d6-f3cf-4710-b2df-50093ea3ab5a.jpg', '', 1, 0, '2023-04-21 09:17:07', '2023-04-21 09:17:07', 1648669967187005441, 1648669967187005441, 0);
INSERT INTO `dish` VALUES (1649220891433345026, '佳龙 素板筋', 1413386191767674881, 300.00, '', '9c9eadad-96aa-4a6f-bc2a-daef77c9a057.jpg', '', 1, 0, '2023-04-21 09:17:56', '2023-04-21 09:17:56', 1648669967187005441, 1648669967187005441, 0);
INSERT INTO `dish` VALUES (1649221005220618242, '麻辣尖叫卷', 1413386191767674881, 400.00, '', '0927a669-db03-43aa-9344-796d536a83b8.jpg', '', 1, 0, '2023-04-21 09:18:23', '2023-04-21 09:18:23', 1648669967187005441, 1648669967187005441, 0);
INSERT INTO `dish` VALUES (1649221134283546625, '泡椒素牛板筋', 1413386191767674881, 250.00, '', 'a7632af6-a1e2-416e-859f-ee00134c4c30.jpg', '', 1, 0, '2023-04-21 09:18:54', '2023-04-21 09:18:54', 1648669967187005441, 1648669967187005441, 0);
INSERT INTO `dish` VALUES (1649221322142228482, '钰龙 香油条', 1413386191767674881, 400.00, '', 'fe415726-0742-4739-a54c-aed623d3e3d1.jpg', '', 1, 0, '2023-04-21 09:19:39', '2023-04-21 09:19:39', 1648669967187005441, 1648669967187005441, 0);
INSERT INTO `dish` VALUES (1649221469135806466, '哈哈嘴 盐焗素牛筋', 1413386191767674881, 300.00, '', '07ffcfa7-616d-44c4-a2d2-a0d6a594568d.jpg', '', 1, 0, '2023-04-21 09:20:14', '2023-04-21 09:20:14', 1648669967187005441, 1648669967187005441, 0);
INSERT INTO `dish` VALUES (1649221654683426817, '湘满满手工辣条', 1413386191767674881, 400.00, '', '2fc51a06-1849-46f7-9662-72cdd71f7cc0.jpg', '', 1, 0, '2023-04-21 09:20:58', '2023-04-21 09:20:58', 1648669967187005441, 1648669967187005441, 0);
INSERT INTO `dish` VALUES (1649221777022885889, '时来客 印度飞饼', 1413386191767674881, 300.00, '', '186fde11-11b9-48fa-be1e-cc0cb7105b5e.jpg', '', 1, 0, '2023-04-21 09:21:27', '2023-04-21 09:21:27', 1648669967187005441, 1648669967187005441, 0);
INSERT INTO `dish` VALUES (1649221880496365570, '泡椒臭干子', 1413386191767674881, 250.00, '', '36fe7b31-090c-4b98-8102-fd558463a124.jpg', '', 1, 0, '2023-04-21 09:21:52', '2023-04-21 09:21:52', 1648669967187005441, 1648669967187005441, 0);
INSERT INTO `dish` VALUES (1649221997957849090, '卷王辣椒片', 1413386191767674881, 400.00, '', 'efd43e92-569f-42b9-bc24-f32923d01fc5.jpg', '', 1, 0, '2023-04-21 09:22:20', '2023-04-21 09:22:20', 1648669967187005441, 1648669967187005441, 0);
INSERT INTO `dish` VALUES (1649222092614901761, '麻辣素龙虾', 1413386191767674881, 350.00, '', 'b64cfd99-4c98-40c9-b75f-a4567297c3da.jpg', '', 1, 0, '2023-04-21 09:22:43', '2023-04-21 09:22:43', 1648669967187005441, 1648669967187005441, 0);
INSERT INTO `dish` VALUES (1649222193806680065, '卫龙小辣棒', 1413386191767674881, 400.00, '', '7a312a1f-d86b-4216-9431-b2fa1dffa2b8.jpg', '', 1, 0, '2023-04-21 09:23:07', '2023-04-21 09:23:07', 1648669967187005441, 1648669967187005441, 0);
INSERT INTO `dish` VALUES (1649222292003725314, '卫龙辣条大面筋', 1413386191767674881, 450.00, '', 'a37b5fce-52a8-41b1-900d-7ac32535395f.jpg', '', 1, 0, '2023-04-21 09:23:30', '2023-04-21 09:23:30', 1648669967187005441, 1648669967187005441, 0);
INSERT INTO `dish` VALUES (1649222389802311681, '变态鞋底', 1413386191767674881, 350.00, '', 'fd58739b-5913-4b8e-939d-8ccc6297d625.jpg', '', 1, 0, '2023-04-21 09:23:53', '2023-04-21 09:23:53', 1648669967187005441, 1648669967187005441, 0);
INSERT INTO `dish` VALUES (1649222502167715841, '小飞燕相思卷', 1413386191767674881, 350.00, '', 'ea2e10e3-4b07-44f9-9cbb-9286614a3b7f.jpg', '', 1, 0, '2023-04-21 09:24:20', '2023-04-21 09:24:20', 1648669967187005441, 1648669967187005441, 0);
INSERT INTO `dish` VALUES (1649222679825850370, '麻辣王子皇冠面筋110g', 1413386191767674881, 500.00, '', 'f5e31ede-35be-4acd-9787-71c830261f69.jpg', '', 1, 0, '2023-04-21 09:25:03', '2023-04-21 09:25:03', 1648669967187005441, 1648669967187005441, 0);
INSERT INTO `dish` VALUES (1649222783391604738, '鸽鸽豆角干', 1413386191767674881, 300.00, '', 'a6ca8d57-5c95-492c-9dd1-da8e5f1fc283.jpg', '', 1, 0, '2023-04-21 09:25:27', '2023-04-21 09:25:27', 1648669967187005441, 1648669967187005441, 0);
INSERT INTO `dish` VALUES (1649222852576649218, '卫龙麻辣棒', 1413386191767674881, 400.00, '', 'cbc80bd5-be16-4105-8a5a-a7d448d7932a.jpg', '', 1, 0, '2023-04-21 09:25:44', '2023-04-21 09:25:44', 1648669967187005441, 1648669967187005441, 0);
INSERT INTO `dish` VALUES (1649222951738384386, '佳龙麻辣片', 1413386191767674881, 400.00, '', '21605b11-06de-482f-8f4e-64197054b2de.jpg', '', 1, 0, '2023-04-21 09:26:07', '2023-04-21 11:23:23', 1648669967187005441, 1, 0);
INSERT INTO `dish` VALUES (1649223132609355778, '香之派单爪', 1413386191767674881, 150.00, '', '6148a83f-30e7-490b-86ed-3308ee8702da.jpg', '', 1, 0, '2023-04-21 09:26:51', '2023-04-21 09:26:51', 1648669967187005441, 1648669967187005441, 0);
INSERT INTO `dish` VALUES (1649223290923360258, '香伴泡椒碎爪', 1413386191767674881, 500.00, '', 'b911403c-15c8-4a23-86ea-33fd6d0edb25.jpg', '', 1, 0, '2023-04-21 09:27:28', '2023-04-21 09:27:28', 1648669967187005441, 1648669967187005441, 0);
INSERT INTO `dish` VALUES (1649324370088808449, '乐事 黄瓜味40g', 1647845091173818370, 400.00, '', '06fb2d34-6d13-44db-87b6-d6eb1c0c2cb0.jpg', '', 1, 0, '2023-04-21 16:09:07', '2023-04-21 16:09:07', 1, 1, 0);
INSERT INTO `dish` VALUES (1649324591002800130, '乐事 金黄炒蟹味40g', 1647845091173818370, 400.00, '', '10188d63-bbf6-4791-9a10-dc5353d7b2be.jpg', '', 1, 0, '2023-04-21 16:10:00', '2023-04-21 16:10:18', 1, 1, 0);
INSERT INTO `dish` VALUES (1649324789930250242, '乐事 金黄炒蟹味', 1647845091173818370, 700.00, '', '88d55ba0-007a-4832-b08c-8cc99c5b9141.jpg', '', 1, 0, '2023-04-21 16:10:48', '2023-04-21 16:10:48', 1, 1, 0);
INSERT INTO `dish` VALUES (1649324951780052994, '乐事 青柠味70g', 1647845091173818370, 700.00, '', '397330ba-0240-49e1-8333-fbd94b7fc21e.jpg', '', 1, 0, '2023-04-21 16:11:26', '2023-04-21 16:11:26', 1, 1, 0);
INSERT INTO `dish` VALUES (1649325080314499073, '香蕉片70g', 1647845091173818370, 450.00, '', '2587875e-c51f-4e76-adbd-1e1167fb3cf6.jpg', '', 1, 0, '2023-04-21 16:11:57', '2023-04-21 16:11:57', 1, 1, 0);
INSERT INTO `dish` VALUES (1649325180029882369, '上好佳蟹片', 1647845091173818370, 400.00, '', '8c1e0c18-49bd-42f2-a04a-2c5fa417fb1d.jpg', '', 1, 0, '2023-04-21 16:12:21', '2023-04-21 16:12:21', 1, 1, 0);
INSERT INTO `dish` VALUES (1649325468128235521, '滋食薯脆香草味65g', 1647845091173818370, 500.00, '', '195dee12-3516-4431-b157-95ae34e40f9b.jpg', '', 1, 0, '2023-04-21 16:13:29', '2023-04-21 16:13:29', 1, 1, 0);
INSERT INTO `dish` VALUES (1649325594741690370, '上好佳虾片40g', 1647845091173818370, 400.00, '', '513b7510-a2bd-4516-b928-6517a57d068e.jpg', '', 1, 0, '2023-04-21 16:13:59', '2023-04-21 16:13:59', 1, 1, 0);
INSERT INTO `dish` VALUES (1649325823595499522, '乐事意大利红烩味70g', 1647845091173818370, 700.00, '', 'bb57b714-cf90-4dc2-a1b9-d2f6b2689d1c.jpg', '', 1, 0, '2023-04-21 16:14:54', '2023-04-21 16:14:54', 1, 1, 0);
INSERT INTO `dish` VALUES (1649325964272455682, '乐事香辣小龙虾味70g', 1647845091173818370, 700.00, '', '72386fee-472a-4264-aa06-b1a1fd7b09a7.jpg', '', 1, 0, '2023-04-21 16:15:28', '2023-04-21 16:15:28', 1, 1, 0);
INSERT INTO `dish` VALUES (1649326106211897346, '乐事青柠味40g', 1647845091173818370, 400.00, '', '69ebaccf-f574-4ec7-9cde-bb608d044a2f.jpg', '', 1, 0, '2023-04-21 16:16:01', '2023-04-21 16:16:01', 1, 1, 0);
INSERT INTO `dish` VALUES (1649326250529509378, '乐事德克萨斯烤肉70g', 1647845091173818370, 700.00, '', 'b1ac2fcc-0229-41c3-a85c-49068e72860f.jpg', '', 1, 0, '2023-04-21 16:16:36', '2023-04-21 16:16:36', 1, 1, 0);
INSERT INTO `dish` VALUES (1649326353289957377, '乐事薯片原味', 1647845091173818370, 400.00, '', '34268337-a495-4aec-a3a7-943d14d0b886.jpg', '', 1, 0, '2023-04-21 16:17:00', '2023-04-21 16:17:00', 1, 1, 0);
INSERT INTO `dish` VALUES (1649326544965455873, '乐事田园番茄味40g', 1647845091173818370, 400.00, '', 'c00cd6e9-727e-46e4-b11c-559e179681ab.jpg', '', 1, 0, '2023-04-21 16:17:46', '2023-04-21 16:17:46', 1, 1, 0);
INSERT INTO `dish` VALUES (1649326685118124033, '乐事滋滋烤肉味', 1647845091173818370, 800.00, '', '96711181-0cfb-4dcd-9d25-164526ab320b.jpg', '', 1, 0, '2023-04-21 16:18:19', '2023-04-21 16:18:19', 1, 1, 0);
INSERT INTO `dish` VALUES (1649326840982654977, '乐事青柠104g桶', 1647845091173818370, 880.00, '', '4ddcb266-e363-438b-8d13-c0cf4aa207b2.jpg', '', 1, 0, '2023-04-21 16:18:57', '2023-04-21 16:18:57', 1, 1, 0);
INSERT INTO `dish` VALUES (1649326937468424193, '乐事番茄味104g', 1647845091173818370, 800.00, '', '1b9ec13a-4890-4da7-821a-0533fc33e4db.jpg', '', 1, 0, '2023-04-21 16:19:20', '2023-04-21 16:19:20', 1, 1, 0);
INSERT INTO `dish` VALUES (1649327126694449153, '盼盼麦香鸡块105g', 1647845091173818370, 550.00, '', '3e86b5c2-f3f7-4918-ab09-b2d36100a246.jpg', '', 1, 0, '2023-04-21 16:20:05', '2023-04-21 16:20:05', 1, 1, 0);
INSERT INTO `dish` VALUES (1649327326607560706, '盼盼家庭装薯片110g', 1647845091173818370, 400.00, '', '2e9ff2cc-73f1-49ff-9bce-a5169db2bf53.jpg', '', 1, 0, '2023-04-21 16:20:52', '2023-04-21 16:20:52', 1, 1, 0);
INSERT INTO `dish` VALUES (1649327489849872385, '上好佳洋葱圈40g', 1647845091173818370, 400.00, '', '5f66eb72-4539-427d-8282-e545bdbfeda6.jpg', '', 1, 0, '2023-04-21 16:21:31', '2023-04-21 16:21:31', 1, 1, 0);
INSERT INTO `dish` VALUES (1649327602831839233, '海马牛肉味锅巴', 1647845091173818370, 250.00, '', '2ce4bac4-b995-49a4-b668-e7f38f5fff9f.jpg', '', 1, 0, '2023-04-21 16:21:58', '2023-04-21 16:21:58', 1, 1, 0);
INSERT INTO `dish` VALUES (1649327730560978946, '海马五香味锅巴', 1647845091173818370, 250.00, '', 'cc995520-91d7-4f49-a497-586c840f4f5d.jpg', '', 1, 0, '2023-04-21 16:22:29', '2023-04-21 16:22:29', 1, 1, 0);
INSERT INTO `dish` VALUES (1649327820080009218, '韩国豆', 1647845091173818370, 300.00, '', '2a28a07c-0fa9-4f47-8d9d-84941b92bb39.jpg', '', 1, 0, '2023-04-21 16:22:50', '2023-04-21 16:22:50', 1, 1, 0);
INSERT INTO `dish` VALUES (1649327953551151106, '酒味花生100g', 1647845091173818370, 400.00, '', '6b49937d-0716-4762-8acd-ce1373ae2a22.jpg', '', 1, 0, '2023-04-21 16:23:22', '2023-04-21 16:23:22', 1, 1, 0);
INSERT INTO `dish` VALUES (1649328156941340673, '兰花豆60g烤肉味', 1647845091173818370, 300.00, '', '7b1e995b-ab10-4f17-9497-5462a6a3e0e1.jpg', '', 1, 0, '2023-04-21 16:24:10', '2023-04-21 16:24:10', 1, 1, 0);
INSERT INTO `dish` VALUES (1649328324168241153, '甘源蟹黄瓜子仁75g', 1647845091173818370, 419.00, '', '5e2e705b-a6e4-496d-bcb7-54ceb6ad0ba5.jpg', '', 1, 0, '2023-04-21 16:24:50', '2023-04-21 16:24:50', 1, 1, 0);
INSERT INTO `dish` VALUES (1649328565172948993, '甘源蟹黄味蚕豆75g', 1647845091173818370, 400.00, '', '1089b32d-466b-4d34-8bf9-efaf4dfd00c0.jpg', '', 1, 0, '2023-04-21 16:25:48', '2023-04-21 16:25:48', 1, 1, 0);
INSERT INTO `dish` VALUES (1649328715257729026, '洽洽白煮香瓜子160g', 1647845091173818370, 700.00, '', '99b752ab-05a0-4c60-9fc1-14a8c475016d.jpg', '', 1, 0, '2023-04-21 16:26:23', '2023-04-21 16:26:23', 1, 1, 0);
INSERT INTO `dish` VALUES (1649328855808856065, '洽洽焦糖瓜子108g', 1647845091173818370, 700.00, '', 'fdc246d1-b121-4b4b-ae0c-14d1c92daae2.jpg', '', 1, 0, '2023-04-21 16:26:57', '2023-04-21 16:26:57', 1, 1, 0);
INSERT INTO `dish` VALUES (1649329032045121538, '喜之郎果冻', 1647845091173818370, 500.00, '', '029db209-50b6-4610-97cd-d96633befbeb.jpg', '', 1, 0, '2023-04-21 16:27:39', '2023-04-21 16:27:39', 1, 1, 0);
INSERT INTO `dish` VALUES (1649329148307034113, '喜之郎果汁果冻', 1647845091173818370, 300.00, '', '128665fa-68c8-4b8d-b8a1-35161f2b3497.jpg', '', 1, 0, '2023-04-21 16:28:07', '2023-04-21 16:28:07', 1, 1, 0);
INSERT INTO `dish` VALUES (1649329373578907649, '高粱糖', 1413341197421846529, 550.00, '', '0f527c3e-ddf4-430f-aee2-d6b1280173ed.jpg', '', 1, 0, '2023-04-21 16:29:00', '2023-04-21 16:29:00', 1, 1, 0);
INSERT INTO `dish` VALUES (1649329464259760129, '话梅糖', 1413341197421846529, 250.00, '', '084af5db-dcf2-4404-97b0-0d897d2265b8.jpg', '', 1, 0, '2023-04-21 16:29:22', '2023-04-21 16:29:22', 1, 1, 0);
INSERT INTO `dish` VALUES (1649329603909111809, '葡萄干100g', 1413341197421846529, 600.00, '', 'f81c187a-2efb-48a3-acc6-7706df7f6347.jpg', '', 1, 0, '2023-04-21 16:29:55', '2023-04-21 16:29:55', 1, 1, 0);
INSERT INTO `dish` VALUES (1649329723757154306, '阿尔卑斯棒棒糖', 1413341197421846529, 50.00, '', '0bd0460c-c4ad-4966-9fe8-7ced50779ddc.jpg', '', 1, 0, '2023-04-21 16:30:24', '2023-04-21 16:30:24', 1, 1, 0);
INSERT INTO `dish` VALUES (1649329816350609409, '溜溜梅', 1413341197421846529, 500.00, '', 'facf1287-e924-4b27-a60a-db0679d80a59.jpg', '', 1, 0, '2023-04-21 16:30:46', '2023-04-21 16:30:46', 1, 1, 0);
INSERT INTO `dish` VALUES (1649330100917358593, '旺仔QQ糖可乐味', 1413341197421846529, 100.00, '', '5905038c-8a5a-464f-ba63-8ec4ad8dd904.jpg', '', 1, 0, '2023-04-21 16:31:54', '2023-04-21 16:31:54', 1, 1, 0);
INSERT INTO `dish` VALUES (1649330235747454977, '阿尔卑斯醇厚酸奶糖', 1413341197421846529, 300.00, '', 'c8c5eb7c-3678-440b-a885-0654e28e2829.jpg', '', 1, 0, '2023-04-21 16:32:26', '2023-04-21 16:32:26', 1, 1, 0);
INSERT INTO `dish` VALUES (1649330348041555969, '士力架20g', 1413341197421846529, 200.00, '', 'b91a572c-e797-4683-b47c-efd39e25399b.jpg', '', 1, 0, '2023-04-21 16:32:53', '2023-04-21 16:32:53', 1, 1, 0);
INSERT INTO `dish` VALUES (1649330465951830018, '炫迈无糖口香糖', 1413341197421846529, 1000.00, '', 'dc2ef3ee-cc02-4841-aa57-ff8ba20936b4.jpg', '', 1, 0, '2023-04-21 16:33:21', '2023-04-21 16:33:21', 1, 1, 0);
INSERT INTO `dish` VALUES (1649330565679796226, '绿箭口香糖', 1413341197421846529, 250.00, '', '81fa69dd-6527-4e99-80ef-243f61e1cbb9.jpg', '', 1, 0, '2023-04-21 16:33:45', '2023-04-21 16:33:45', 1, 1, 0);
INSERT INTO `dish` VALUES (1650050875521593345, '舒肤佳柠檬清香沐浴露200ml', 1413384954989060097, 1200.00, '', '5676e994-5001-450f-8b32-f27a2c890756.jpg', '', 1, 0, '2023-04-23 16:16:00', '2023-04-23 16:16:00', 1, 1, 0);
INSERT INTO `dish` VALUES (1650051019038093313, '舒肤佳薰衣草沐浴露200ml', 1413384954989060097, 1200.00, '', 'f3c510b7-9e7c-4427-8901-6c28d0322dc8.jpg', '', 1, 0, '2023-04-23 16:16:34', '2023-04-23 16:16:34', 1, 1, 0);
INSERT INTO `dish` VALUES (1650051136117895169, '舒肤佳纯白沐浴露', 1413384954989060097, 1200.00, '', 'be8ceb28-b639-4c5a-8629-399a0a9867b4.jpg', '', 1, 0, '2023-04-23 16:17:02', '2023-04-23 16:17:02', 1, 1, 0);
INSERT INTO `dish` VALUES (1650051248063868930, '清扬沐浴露100g', 1413384954989060097, 690.00, '', 'c44084d3-ef0a-4b99-89db-0b9bfd7fd06c.jpg', '', 1, 0, '2023-04-23 16:17:29', '2023-04-23 16:17:29', 1, 1, 0);
INSERT INTO `dish` VALUES (1650051513190019074, '海飞丝怡神水凉型200ml', 1413384954989060097, 2300.00, '', '3d6379b8-da7c-490d-b85d-5be2e2cd392d.jpg', '', 1, 0, '2023-04-23 16:18:32', '2023-04-23 16:18:32', 1, 1, 0);
INSERT INTO `dish` VALUES (1650051701036118017, '海飞丝清爽控油去屑洗发露200ml', 1413384954989060097, 2300.00, '', '98354efa-8e1a-4400-80ec-b237734dc8d3.jpg', '', 1, 0, '2023-04-23 16:19:17', '2023-04-23 16:19:17', 1, 1, 0);
INSERT INTO `dish` VALUES (1650051810792665089, '飘柔洗发水', 1413384954989060097, 1000.00, '', 'e2d91e8a-642e-4376-b192-04f6a19c9906.jpg', '', 1, 0, '2023-04-23 16:19:43', '2023-04-23 16:19:43', 1, 1, 0);
INSERT INTO `dish` VALUES (1650051931328573441, '阿道夫洗发露500g', 1413384954989060097, 3600.00, '', '30dd1805-14cd-4e55-9430-673724096974.jpg', '', 1, 0, '2023-04-23 16:20:12', '2023-04-23 16:20:12', 1, 1, 0);
INSERT INTO `dish` VALUES (1650052071003090945, '清扬洗发露100g', 1413384954989060097, 650.00, '', '6ad35ddf-f065-4076-80bf-8bc74fe785b5.jpg', '', 1, 0, '2023-04-23 16:20:45', '2023-04-23 16:20:45', 1, 1, 0);
INSERT INTO `dish` VALUES (1650052186111569922, '清扬男士洗发露160g', 1413384954989060097, 2200.00, '', '29b46073-1f1e-471c-9631-b887ee0cd6f2.jpg', '', 1, 0, '2023-04-23 16:21:12', '2023-04-23 16:21:12', 1, 1, 0);
INSERT INTO `dish` VALUES (1650052402990641154, '云南白药牙膏 留兰香型', 1413384954989060097, 2000.00, '', '7ebbcc48-87f1-453f-94f4-57b21df77688.jpg', '', 1, 0, '2023-04-23 16:22:04', '2023-04-23 16:22:04', 1, 1, 0);
INSERT INTO `dish` VALUES (1650052595534360578, '佳节倍牙刷小头', 1413384954989060097, 500.00, '', '34680fb5-2133-42f7-86e4-2b9cc348bf8f.jpg', '', 1, 0, '2023-04-23 16:22:50', '2023-04-23 16:22:50', 1, 1, 0);
INSERT INTO `dish` VALUES (1650052825172504578, '佳节倍微密丝牙刷', 1413384954989060097, 500.00, '', '5f172233-7134-4917-90d1-bc8d926e1cb4.jpg', '', 1, 0, '2023-04-23 16:23:45', '2023-04-23 16:23:45', 1, 1, 0);
INSERT INTO `dish` VALUES (1650052936749379585, '三笑竹炭牙刷', 1413384954989060097, 500.00, '', 'b799275e-9841-49ba-b774-cd0a2cfb0b16.jpg', '', 1, 0, '2023-04-23 16:24:11', '2023-04-23 16:24:11', 1, 1, 0);
INSERT INTO `dish` VALUES (1650053051723640834, '小苏打牙膏180g', 1413384954989060097, 900.00, '', 'fc66497c-facc-4a2f-9011-e67132a05fe9.jpg', '', 1, 0, '2023-04-23 16:24:39', '2023-04-23 16:24:39', 1, 1, 0);
INSERT INTO `dish` VALUES (1650053195978338306, '舒肤佳芦荟呵护型', 1413384954989060097, 500.00, '', '8fd98cc2-f0bf-480e-802b-d4a1d8ad3fd6.jpg', '', 1, 0, '2023-04-23 16:25:13', '2023-04-23 16:25:13', 1, 1, 0);
INSERT INTO `dish` VALUES (1650053342061752322, '舒肤佳自然爽洁型', 1413384954989060097, 500.00, '', '70a2a2f4-f6ab-4ea7-8dde-3b78df031377.jpg', '', 1, 0, '2023-04-23 16:25:48', '2023-04-23 16:25:48', 1, 1, 0);
INSERT INTO `dish` VALUES (1650053482730319874, '蓝月亮洗衣液1L', 1413384954989060097, 2000.00, '', 'bde9401f-7a6a-4438-9517-802115b577e5.jpg', '', 1, 0, '2023-04-23 16:26:21', '2023-04-23 16:26:21', 1, 1, 0);
INSERT INTO `dish` VALUES (1650053590452629505, '蓝月亮洗衣液1kg', 1413384954989060097, 1600.00, '', '27194943-f949-4bd6-95d0-29929f8a6455.jpg', '', 1, 0, '2023-04-23 16:26:47', '2023-04-23 16:26:47', 1, 1, 0);
INSERT INTO `dish` VALUES (1650053683750727681, '雕牌洗衣粉', 1413384954989060097, 600.00, '', 'a3a51461-1696-4c5e-9114-12b4049afdda.jpg', '', 1, 0, '2023-04-23 16:27:09', '2023-04-23 16:27:09', 1, 1, 0);
INSERT INTO `dish` VALUES (1650053830761082882, '雕牌肥皂', 1413384954989060097, 450.00, '', '376905ca-7e67-44d1-98ef-05a68e26d34a.jpg', '', 1, 0, '2023-04-23 16:27:44', '2023-04-23 16:27:44', 1, 1, 0);
INSERT INTO `dish` VALUES (1650053910649991170, '立白洗洁精', 1413384954989060097, 500.00, '', '21163b43-2a81-4e61-9c66-3316b3d5451e.jpg', '', 1, 0, '2023-04-23 16:28:03', '2023-04-23 16:28:03', 1, 1, 0);
INSERT INTO `dish` VALUES (1650054113905963009, '洁柔原生木抽纸6包', 1413384954989060097, 1800.00, '', '95d26465-c3b0-4a95-9fa3-6812ddc0267e.jpg', '', 1, 0, '2023-04-23 16:28:52', '2023-04-23 16:28:52', 1, 1, 0);
INSERT INTO `dish` VALUES (1650054249008689154, '七度空间夜用卫生巾', 1413384954989060097, 1100.00, '', '8eb045bd-769d-4f06-90ab-2aa7f3ccab88.jpg', '', 1, 0, '2023-04-23 16:29:24', '2023-04-23 16:29:24', 1, 1, 0);
INSERT INTO `dish` VALUES (1650054439522365442, '七度空间日用卫生巾', 1413384954989060097, 1000.00, '', '66789cd4-ac06-42bd-aaa8-c99290031c6c.jpg', '', 1, 0, '2023-04-23 16:30:10', '2023-05-01 17:01:21', 1, 1651550629921411073, 0);
INSERT INTO `dish` VALUES (1650054577611436034, '七度空间蓝色加长卫生巾', 1413384954989060097, 1100.00, '', '3d6a58bf-b019-4426-a8a7-52f3993261bf.jpg', '', 1, 0, '2023-04-23 16:30:42', '2023-05-01 17:01:21', 1, 1651550629921411073, 0);
INSERT INTO `dish` VALUES (1650054909406048258, '洁柔可湿水面纸条单包', 1413384954989060097, 100.00, '', 'd62214c5-4a84-4fa9-a424-9803227a8c42.jpg', '', 1, 0, '2023-04-23 16:32:02', '2023-05-01 17:01:21', 1, 1651550629921411073, 0);
INSERT INTO `dish` VALUES (1650055282124484609, '心相印三层无芯纸700g10卷', 1413384954989060097, 1300.00, '', '0d9b76e9-08f7-4af6-bf1b-4aa0f483eea6.jpg', '', 1, 0, '2023-04-23 16:33:30', '2023-05-01 17:01:21', 1, 1651550629921411073, 0);
INSERT INTO `dish` VALUES (1650055785633902593, '心相印茶语经典3包装', 1413384954989060097, 600.00, '', '34f7aa38-1299-408e-88eb-52cd39fb9a2e.jpg', '', 1, 0, '2023-04-23 16:35:31', '2023-05-01 17:01:21', 1, 1651550629921411073, 0);
INSERT INTO `dish` VALUES (1650055924175958017, '心相印原生木抽纸120抽', 1413384954989060097, 300.00, '', '51569528-9c93-4617-823b-829725d9511c.jpg', '', 1, 0, '2023-04-23 16:36:04', '2023-05-01 17:01:21', 1, 1651550629921411073, 0);
INSERT INTO `dish` VALUES (1650056066115399681, '水杯', 1413384954989060097, 400.00, '', '20dbd9aa-8432-48bd-96a7-46f90176d81f.jpg', '', 1, 0, '2023-04-23 16:36:37', '2023-05-01 17:01:21', 1, 1651550629921411073, 0);

-- ----------------------------
-- Table structure for dish_flavor
-- ----------------------------
DROP TABLE IF EXISTS `dish_flavor`;
CREATE TABLE `dish_flavor`  (
  `id` bigint(20) NOT NULL COMMENT '主键',
  `dish_id` bigint(20) NOT NULL COMMENT '商品',
  `name` varchar(64) CHARACTER SET utf8 COLLATE utf8_bin NOT NULL COMMENT '商品名称',
  `value` varchar(500) CHARACTER SET utf8 COLLATE utf8_bin NULL DEFAULT NULL COMMENT '规格需求数据list',
  `create_time` datetime NOT NULL COMMENT '创建时间',
  `update_time` datetime NOT NULL COMMENT '更新时间',
  `create_user` bigint(20) NOT NULL COMMENT '创建人',
  `update_user` bigint(20) NOT NULL COMMENT '修改人',
  `is_deleted` int(11) NOT NULL DEFAULT 0 COMMENT '是否删除',
  PRIMARY KEY (`id`) USING BTREE
) ENGINE = InnoDB CHARACTER SET = utf8 COLLATE = utf8_bin COMMENT = '菜品口味关系表' ROW_FORMAT = Dynamic;

-- ----------------------------
-- Records of dish_flavor
-- ----------------------------
INSERT INTO `dish_flavor` VALUES (1397862198054268929, 1397862198033297410, '味道', '[\"原味\",\"香辣\",\"白芝\"]', '2023-04-18 10:42:49', '2023-04-18 10:42:49', 1, 1, 0);
INSERT INTO `dish_flavor` VALUES (1398089545865015297, 1398089545676271617, '温度', '[\"热饮\",\"常温\",\"去冰\",\"少冰\",\"多冰\"]', '2021-05-28 01:31:38', '2021-05-28 01:31:38', 1, 1, 0);
INSERT INTO `dish_flavor` VALUES (1398089782323097601, 1398089782285348866, '辣度', '[\"不辣\",\"微辣\",\"中辣\",\"重辣\"]', '2021-05-28 01:32:34', '2021-05-28 01:32:34', 1, 1, 0);
INSERT INTO `dish_flavor` VALUES (1398090003262255106, 1398090003228700673, '忌口', '[\"不要葱\",\"不要蒜\",\"不要香菜\",\"不要辣\"]', '2021-05-28 01:33:27', '2021-05-28 01:33:27', 1, 1, 0);
INSERT INTO `dish_flavor` VALUES (1398090264554811394, 1398090264517062657, '忌口', '[\"不要葱\",\"不要蒜\",\"不要香菜\",\"不要辣\"]', '2021-05-28 01:34:29', '2021-05-28 01:34:29', 1, 1, 0);
INSERT INTO `dish_flavor` VALUES (1398090455399837698, 1398090455324340225, '辣度', '[\"不辣\",\"微辣\",\"中辣\",\"重辣\"]', '2021-05-28 01:35:14', '2021-05-28 01:35:14', 1, 1, 0);
INSERT INTO `dish_flavor` VALUES (1398090685449023490, 1398090685419663362, '温度', '[\"热饮\",\"常温\",\"去冰\",\"少冰\",\"多冰\"]', '2021-05-28 01:36:09', '2021-05-28 01:36:09', 1, 1, 0);
INSERT INTO `dish_flavor` VALUES (1398090825358422017, 1398090825329061889, '忌口', '[\"不要葱\",\"不要蒜\",\"不要香菜\",\"不要辣\"]', '2021-05-28 01:36:43', '2021-05-28 01:36:43', 1, 1, 0);
INSERT INTO `dish_flavor` VALUES (1398091007051476993, 1398091007017922561, '辣度', '[\"不辣\",\"微辣\",\"中辣\",\"重辣\"]', '2021-05-28 01:37:26', '2021-05-28 01:37:26', 1, 1, 0);
INSERT INTO `dish_flavor` VALUES (1398091296164851713, 1398091296131297281, '辣度', '[\"不辣\",\"微辣\",\"中辣\",\"重辣\"]', '2021-05-28 01:38:35', '2021-05-28 01:38:35', 1, 1, 0);
INSERT INTO `dish_flavor` VALUES (1398091546531246081, 1398091546480914433, '忌口', '[\"不要葱\",\"不要蒜\",\"不要香菜\",\"不要辣\"]', '2021-05-28 01:39:35', '2021-05-28 01:39:35', 1, 1, 0);
INSERT INTO `dish_flavor` VALUES (1398091729809747969, 1398091729788776450, '辣度', '[\"不辣\",\"微辣\",\"中辣\",\"重辣\"]', '2021-05-28 01:40:18', '2021-05-28 01:40:18', 1, 1, 0);
INSERT INTO `dish_flavor` VALUES (1398091889499484161, 1398091889449152513, '辣度', '[\"不辣\",\"微辣\",\"中辣\",\"重辣\"]', '2021-05-28 01:40:56', '2021-05-28 01:40:56', 1, 1, 0);
INSERT INTO `dish_flavor` VALUES (1398092095179763713, 1398092095142014978, '辣度', '[\"不辣\",\"微辣\",\"中辣\",\"重辣\"]', '2021-05-28 01:41:45', '2021-05-28 01:41:45', 1, 1, 0);
INSERT INTO `dish_flavor` VALUES (1398092283877306370, 1398092283847946241, '辣度', '[\"不辣\",\"微辣\",\"中辣\",\"重辣\"]', '2021-05-28 01:42:30', '2021-05-28 01:42:30', 1, 1, 0);
INSERT INTO `dish_flavor` VALUES (1398094018939236354, 1398094018893099009, '辣度', '[\"不辣\",\"微辣\",\"中辣\",\"重辣\"]', '2021-05-28 01:49:24', '2021-05-28 01:49:24', 1, 1, 0);
INSERT INTO `dish_flavor` VALUES (1398094391494094850, 1398094391456346113, '辣度', '[\"不辣\",\"微辣\",\"中辣\",\"重辣\"]', '2021-05-28 01:50:53', '2021-05-28 01:50:53', 1, 1, 0);
INSERT INTO `dish_flavor` VALUES (1399574026165727233, 1399305325713600514, '辣度', '[\"不辣\",\"微辣\",\"中辣\",\"重辣\"]', '2021-06-01 03:50:25', '2021-06-01 03:50:25', 1399309715396669441, 1399309715396669441, 0);
INSERT INTO `dish_flavor` VALUES (1413389684020682754, 1413342036832100354, '温度', '[\"常温\",\"冷藏\"]', '2023-04-18 10:28:53', '2023-04-18 10:28:53', 1, 1, 0);
INSERT INTO `dish_flavor` VALUES (1647928585077972995, 1647928585077972994, '甜味', '[\"无糖\",\"少糖\",\"半糖\",\"多糖\",\"全糖\"]', '2023-04-17 19:42:46', '2023-04-17 19:42:46', 1, 1, 0);
INSERT INTO `dish_flavor` VALUES (1647928585077972996, 1647928585077972994, '温度', '[\"热饮\",\"常温\",\"去冰\",\"少冰\",\"多冰\"]', '2023-04-17 19:42:46', '2023-04-17 19:42:46', 1, 1, 0);
INSERT INTO `dish_flavor` VALUES (1648153509902254082, 1413385247889891330, '温度', '[\"常温\",\"少冰\",\"多冰\"]', '2023-04-18 10:36:33', '2023-04-18 10:36:33', 1, 1, 0);
INSERT INTO `dish_flavor` VALUES (1648154207477923842, 1397862477831122945, '原味', '[\"原味\"]', '2023-04-18 10:44:12', '2023-04-18 10:44:12', 1, 1, 0);
INSERT INTO `dish_flavor` VALUES (1648221097713741827, 1648221097713741826, '口味', '[\"孜然\"]', '2023-04-18 15:05:07', '2023-04-18 15:05:07', 1, 1, 0);
INSERT INTO `dish_flavor` VALUES (1648222494546997250, 1648222494479888385, '口味', '[\"原味\",\"铁板烧烤味\"]', '2023-04-18 15:10:40', '2023-04-18 15:10:40', 1, 1, 0);
INSERT INTO `dish_flavor` VALUES (1648222768699289602, 1648222768632180738, '口味', '[\"香草味夹心卷\"]', '2023-04-18 15:11:45', '2023-04-18 15:11:45', 1, 1, 0);
INSERT INTO `dish_flavor` VALUES (1648223592674504707, 1648223592674504706, '口味', '[\"原味\",\"麻辣香锅味\",\"葱香烤翅味\"]', '2023-04-18 15:15:02', '2023-04-18 15:15:02', 1, 1, 0);
INSERT INTO `dish_flavor` VALUES (1648224448295743490, 1648224448295743489, '口味', '[\"原味\"]', '2023-04-18 22:08:27', '2023-04-18 22:08:27', 1, 1, 0);
INSERT INTO `dish_flavor` VALUES (1648225128502800386, 1648225128435691522, '口味', '[\"原味\",\"香草味\",\"芝士柠檬味\"]', '2023-04-18 15:21:08', '2023-04-18 15:21:08', 1, 1, 0);
INSERT INTO `dish_flavor` VALUES (1648643454098018306, 1648643454098018305, '温度', '[\"常温\",\"冷藏\"]', '2023-04-19 19:03:24', '2023-04-19 19:03:24', 1, 1, 0);
INSERT INTO `dish_flavor` VALUES (1648643755802693634, 1648643755802693633, '温度', '[\"常温\"]', '2023-04-19 19:04:36', '2023-04-19 19:04:36', 1, 1, 0);
INSERT INTO `dish_flavor` VALUES (1648643947952148482, 1648643947952148481, '温度', '[\"常温\"]', '2023-04-19 19:05:22', '2023-04-19 19:05:22', 1, 1, 0);
INSERT INTO `dish_flavor` VALUES (1648690574347845634, 1648690574314291201, '温度', '[\"常温\",\"冷藏\"]', '2023-04-19 22:10:39', '2023-04-19 22:10:39', 1, 1, 0);
INSERT INTO `dish_flavor` VALUES (1648691564119678978, 1648691564119678977, '温度', '[\"常温\",\"冷藏\"]', '2023-04-19 22:14:35', '2023-04-19 22:14:35', 1, 1, 0);
INSERT INTO `dish_flavor` VALUES (1648692154216222722, 1648692154216222721, '温度', '[\"常温\",\"冷藏\"]', '2023-04-19 22:16:55', '2023-04-19 22:16:55', 1, 1, 0);
INSERT INTO `dish_flavor` VALUES (1648692442612371458, 1648692442612371457, '甜味', '[\"无糖\",\"默认\"]', '2023-04-19 22:18:04', '2023-04-19 22:18:04', 1, 1, 0);
INSERT INTO `dish_flavor` VALUES (1648692442679480321, 1648692442612371457, '温度', '[\"常温\",\"冷藏\"]', '2023-04-19 22:18:04', '2023-04-19 22:18:04', 1, 1, 0);
INSERT INTO `dish_flavor` VALUES (1648692592592293891, 1648692592592293890, '温度', '[\"常温\",\"冷藏\"]', '2023-04-19 22:18:40', '2023-04-19 22:18:40', 1, 1, 0);
INSERT INTO `dish_flavor` VALUES (1648692726310899715, 1648692726310899714, '温度', '[\"常温\",\"冷藏\"]', '2023-04-19 22:19:12', '2023-04-19 22:19:12', 1, 1, 0);
INSERT INTO `dish_flavor` VALUES (1648692838529503234, 1648692838529503233, '温度', '[\"常温\",\"冷藏\"]', '2023-04-19 22:19:39', '2023-04-19 22:19:39', 1, 1, 0);
INSERT INTO `dish_flavor` VALUES (1648692956112621570, 1648692956045512706, '温度', '[\"常温\",\"冷藏\"]', '2023-04-19 22:20:07', '2023-04-19 22:20:07', 1, 1, 0);
INSERT INTO `dish_flavor` VALUES (1648692956112621571, 1648692956045512706, '甜味', '[\"无糖\",\"默认\"]', '2023-04-19 22:20:07', '2023-04-19 22:20:07', 1, 1, 0);
INSERT INTO `dish_flavor` VALUES (1648693106683940867, 1648693106683940866, '温度', '[\"常温\",\"冷藏\"]', '2023-04-19 22:20:43', '2023-04-19 22:20:43', 1, 1, 0);
INSERT INTO `dish_flavor` VALUES (1648693106683940868, 1648693106683940866, '甜味', '[\"无糖\",\"默认\"]', '2023-04-19 22:20:43', '2023-04-19 22:20:43', 1, 1, 0);
INSERT INTO `dish_flavor` VALUES (1648693382484594689, 1648693382417485825, '温度', '[\"常温\",\"冷藏\"]', '2023-04-19 22:23:21', '2023-04-19 22:23:21', 1, 1, 0);
INSERT INTO `dish_flavor` VALUES (1648693591931359233, 1648693591864250369, '温度', '[\"常温\",\"冷藏\"]', '2023-04-19 22:22:38', '2023-04-19 22:22:38', 1, 1, 0);
INSERT INTO `dish_flavor` VALUES (1648693591931359234, 1648693591864250369, '甜味', '[\"无糖\",\"默认\"]', '2023-04-19 22:22:38', '2023-04-19 22:22:38', 1, 1, 0);
INSERT INTO `dish_flavor` VALUES (1648693773343395841, 1648693382417485825, '口味', '[\"卡曼橘味\",\"白桃味\"]', '2023-04-19 22:23:21', '2023-04-19 22:23:21', 1, 1, 0);
INSERT INTO `dish_flavor` VALUES (1648694248235077635, 1648694248235077634, '温度', '[\"常温\",\"冷藏\"]', '2023-04-19 22:25:15', '2023-04-19 22:25:15', 1, 1, 0);
INSERT INTO `dish_flavor` VALUES (1648694401335562243, 1648694401335562242, '温度', '[\"常温\",\"冷藏\"]', '2023-04-19 22:25:51', '2023-04-19 22:25:51', 1, 1, 0);
INSERT INTO `dish_flavor` VALUES (1648694512052604930, 1648694511985496065, '温度', '[\"常温\",\"冷藏\"]', '2023-04-19 22:26:18', '2023-04-19 22:26:18', 1, 1, 0);
INSERT INTO `dish_flavor` VALUES (1648694659281063939, 1648694659281063938, '温度', '[\"常温\",\"冷藏\"]', '2023-04-19 22:26:53', '2023-04-19 22:26:53', 1, 1, 0);
INSERT INTO `dish_flavor` VALUES (1648694899522408451, 1648694899522408450, '温度', '[\"常温\",\"冷藏\"]', '2023-04-19 22:27:50', '2023-04-19 22:27:50', 1, 1, 0);
INSERT INTO `dish_flavor` VALUES (1648695059207950339, 1648695059207950338, '温度', '[\"常温\",\"冷藏\"]', '2023-04-19 22:28:28', '2023-04-19 22:28:28', 1, 1, 0);
INSERT INTO `dish_flavor` VALUES (1648695199499030531, 1648695199499030530, '温度', '[\"常温\",\"冷藏\"]', '2023-04-19 22:29:02', '2023-04-19 22:29:02', 1, 1, 0);
INSERT INTO `dish_flavor` VALUES (1648695329363070978, 1648695329363070977, '温度', '[\"常温\",\"冷藏\"]', '2023-04-19 22:29:32', '2023-04-19 22:29:32', 1, 1, 0);
INSERT INTO `dish_flavor` VALUES (1648695830083276802, 1648695830083276801, '温度', '[\"常温\",\"冷藏\"]', '2023-04-19 22:31:32', '2023-04-19 22:31:32', 1, 1, 0);
INSERT INTO `dish_flavor` VALUES (1649012193394012162, 1648695530333147137, '温度', '[\"常温\",\"冷藏\"]', '2023-04-20 19:28:39', '2023-04-20 19:28:39', 1, 1, 0);
INSERT INTO `dish_flavor` VALUES (1649052607333388290, 1649052607333388289, '口味', '[\"蓝莓\",\"西柚\",\"柠檬\"]', '2023-04-20 22:12:21', '2023-04-20 22:12:21', 1, 1, 0);
INSERT INTO `dish_flavor` VALUES (1649052851454464002, 1649052851387355137, '口味', '[\"柑橘\",\"石榴\",\"蓝莓\"]', '2023-04-20 22:12:11', '2023-04-20 22:12:11', 1, 1, 0);
INSERT INTO `dish_flavor` VALUES (1649053014306705411, 1649053014306705410, '温度', '[\"常温\",\"冷藏\"]', '2023-04-20 22:10:51', '2023-04-20 22:10:51', 1, 1, 0);
INSERT INTO `dish_flavor` VALUES (1649053163569401858, 1649053163502292993, '温度', '[\"常温\",\"冷藏\"]', '2023-04-20 22:11:27', '2023-04-20 22:11:27', 1, 1, 0);
INSERT INTO `dish_flavor` VALUES (1649053349821665282, 1649052851387355137, '温度', '[\"常温\",\"冷藏\"]', '2023-04-20 22:12:11', '2023-04-20 22:12:11', 1, 1, 0);
INSERT INTO `dish_flavor` VALUES (1649053391865368578, 1649052607333388289, '温度', '[\"常温\",\"冷藏\"]', '2023-04-20 22:12:21', '2023-04-20 22:12:21', 1, 1, 0);
INSERT INTO `dish_flavor` VALUES (1649054121250639874, 1649054121183531009, '温度', '[\"常温\",\"冷藏\"]', '2023-04-20 22:15:15', '2023-04-20 22:15:15', 1, 1, 0);
INSERT INTO `dish_flavor` VALUES (1649055789241454595, 1649055789241454594, '口味', '[\"原味\",\"草莓\",\"朱古力\"]', '2023-04-20 22:21:53', '2023-04-20 22:21:53', 1, 1, 0);

-- ----------------------------
-- Table structure for employee
-- ----------------------------
DROP TABLE IF EXISTS `employee`;
CREATE TABLE `employee`  (
  `id` bigint(20) NOT NULL COMMENT '主键',
  `name` varchar(32) CHARACTER SET utf8 COLLATE utf8_bin NOT NULL COMMENT '姓名',
  `username` varchar(32) CHARACTER SET utf8 COLLATE utf8_bin NOT NULL COMMENT '用户名',
  `password` varchar(64) CHARACTER SET utf8 COLLATE utf8_bin NOT NULL COMMENT '密码',
  `phone` varchar(11) CHARACTER SET utf8 COLLATE utf8_bin NOT NULL COMMENT '手机号',
  `sex` varchar(2) CHARACTER SET utf8 COLLATE utf8_bin NOT NULL COMMENT '性别',
  `id_number` varchar(18) CHARACTER SET utf8 COLLATE utf8_bin NOT NULL COMMENT '身份证号',
  `status` int(11) NOT NULL DEFAULT 1 COMMENT '状态 0:禁用，1:正常',
  `create_time` datetime NOT NULL COMMENT '创建时间',
  `update_time` datetime NOT NULL COMMENT '更新时间',
  `create_user` bigint(20) NOT NULL COMMENT '创建人',
  `update_user` bigint(20) NOT NULL COMMENT '修改人',
  PRIMARY KEY (`id`) USING BTREE,
  UNIQUE INDEX `idx_username`(`username`) USING BTREE
) ENGINE = InnoDB CHARACTER SET = utf8 COLLATE = utf8_bin COMMENT = '员工信息' ROW_FORMAT = Dynamic;

-- ----------------------------
-- Records of employee
-- ----------------------------
INSERT INTO `employee` VALUES (1, '管理员', 'admin', 'e10adc3949ba59abbe56e057f20f883e', '13812312312', '1', '110101199001010047', 1, '2021-05-06 17:20:07', '2023-04-18 17:26:28', 1, 1);
INSERT INTO `employee` VALUES (2, '张三', 'zhangsan', '123456', '13970095039', '1', '360724200408130938', 1, '2023-04-15 19:59:57', '2023-04-16 19:43:51', 1, 1);
INSERT INTO `employee` VALUES (3, '蔡徐坤', 'caixukun', 'e10adc3949ba59abbe56e057f20f883e', '18979267781', '1', '336428199708155846', 1, '2023-04-16 20:08:24', '2023-05-21 15:06:38', 1, 1);
INSERT INTO `employee` VALUES (4, '李四', 'lisi', 'e10adc3949ba59abbe56e057f20f883e', '13975685489', '1', '347259198705064269', 1, '2023-04-16 20:44:02', '2023-04-18 17:29:08', 1, 1);

-- ----------------------------
-- Table structure for integral_sort
-- ----------------------------
DROP TABLE IF EXISTS `integral_sort`;
CREATE TABLE `integral_sort`  (
  `id` int(11) NOT NULL AUTO_INCREMENT COMMENT '用户id',
  `name` varchar(32) CHARACTER SET utf8mb4 COLLATE utf8mb4_bin NULL DEFAULT NULL COMMENT '用户名称',
  `point` int(11) NULL DEFAULT NULL COMMENT '用户积分',
  `rank` int(11) NULL DEFAULT NULL COMMENT '用户排名',
  PRIMARY KEY (`id`) USING BTREE
) ENGINE = InnoDB AUTO_INCREMENT = 5 CHARACTER SET = utf8mb4 COLLATE = utf8mb4_bin ROW_FORMAT = Dynamic;

-- ----------------------------
-- Records of integral_sort
-- ----------------------------
INSERT INTO `integral_sort` VALUES (1, '蔡徐坤', 84, 1);
INSERT INTO `integral_sort` VALUES (2, '陈立农', 77, 2);
INSERT INTO `integral_sort` VALUES (3, '范丞丞', 71, 3);
INSERT INTO `integral_sort` VALUES (4, '黄明昊', 63, 4);

-- ----------------------------
-- Table structure for order_detail
-- ----------------------------
DROP TABLE IF EXISTS `order_detail`;
CREATE TABLE `order_detail`  (
  `id` bigint(20) NOT NULL COMMENT '主键',
  `name` varchar(50) CHARACTER SET utf8 COLLATE utf8_bin NULL DEFAULT NULL COMMENT '名字',
  `image` varchar(100) CHARACTER SET utf8 COLLATE utf8_bin NULL DEFAULT NULL COMMENT '图片',
  `order_id` bigint(20) NOT NULL COMMENT '订单id',
  `dish_id` bigint(20) NULL DEFAULT NULL COMMENT '商品id',
  `setmeal_id` bigint(20) NULL DEFAULT NULL COMMENT '特惠id',
  `dish_flavor` varchar(50) CHARACTER SET utf8 COLLATE utf8_bin NULL DEFAULT NULL COMMENT '规格',
  `number` int(11) NOT NULL DEFAULT 1 COMMENT '数量',
  `amount` decimal(10, 2) NOT NULL COMMENT '金额',
  PRIMARY KEY (`id`) USING BTREE
) ENGINE = InnoDB CHARACTER SET = utf8 COLLATE = utf8_bin COMMENT = '订单明细表' ROW_FORMAT = Dynamic;

-- ----------------------------
-- Records of order_detail
-- ----------------------------
INSERT INTO `order_detail` VALUES (1652957072377524225, '佳龙麻辣片', '21605b11-06de-482f-8f4e-64197054b2de.jpg', 1652957072310415361, 1649222951738384386, NULL, NULL, 1, 4.00);
INSERT INTO `order_detail` VALUES (1652957072377524226, '香伴泡椒碎爪', 'b911403c-15c8-4a23-86ea-33fd6d0edb25.jpg', 1652957072310415361, 1649223290923360258, NULL, NULL, 1, 5.00);
INSERT INTO `order_detail` VALUES (1652957072377524227, '香之派单爪', '6148a83f-30e7-490b-86ed-3308ee8702da.jpg', 1652957072310415361, 1649223132609355778, NULL, NULL, 1, 1.50);
INSERT INTO `order_detail` VALUES (1652961613592416258, '营养快线菠萝味', 'f4773a34-9567-4130-8edb-34aa72ee79ed.jpg', 1652961613525307394, 1649054785120882690, NULL, NULL, 1, 5.00);
INSERT INTO `order_detail` VALUES (1652961613592416259, '营养快线香草冰淇淋味', 'fbe1201d-d165-4c30-bd78-42830a41b9fd.jpg', 1652961613525307394, 1649054685011234817, NULL, NULL, 1, 5.00);
INSERT INTO `order_detail` VALUES (1652961613592416260, '伊利纯牛奶', '650240e1-c190-4cd5-8ef6-560bd4974af0.jpg', 1652961613525307394, 1649054536419627010, NULL, NULL, 1, 3.50);
INSERT INTO `order_detail` VALUES (1660172609457352707, '统一阿萨姆奶茶500ml', 'e8db1dcc-509a-43f4-886b-0c622b3f0357.jpg', 1660172609457352706, NULL, 1649332793786355713, NULL, 1, 4.00);
INSERT INTO `order_detail` VALUES (1660172609457352708, '泡椒臭干子', 'c742684b-9815-45bf-95b2-a1ccdb49b7c7.jpg', 1660172609457352706, NULL, 1649332513250332673, NULL, 1, 2.00);
INSERT INTO `order_detail` VALUES (1660172609457352709, '百事可乐', 'aca50336-528d-4650-97ee-073052f6b9fd.jpg', 1660172609457352706, NULL, 1648605522645610498, NULL, 1, 2.00);
INSERT INTO `order_detail` VALUES (1660172722024083458, '统一阿萨姆奶茶500ml', 'e8db1dcc-509a-43f4-886b-0c622b3f0357.jpg', 1660172721956974594, NULL, 1649332793786355713, NULL, 1, 4.00);
INSERT INTO `order_detail` VALUES (1660172722024083459, '泡椒臭干子', 'c742684b-9815-45bf-95b2-a1ccdb49b7c7.jpg', 1660172721956974594, NULL, 1649332513250332673, NULL, 1, 2.00);
INSERT INTO `order_detail` VALUES (1660172722024083460, '百事可乐', 'aca50336-528d-4650-97ee-073052f6b9fd.jpg', 1660172721956974594, NULL, 1648605522645610498, NULL, 1, 2.00);
INSERT INTO `order_detail` VALUES (1660201537257349122, '统一阿萨姆奶茶500ml', 'e8db1dcc-509a-43f4-886b-0c622b3f0357.jpg', 1660201537257349121, NULL, 1649332793786355713, NULL, 1, 4.00);
INSERT INTO `order_detail` VALUES (1660201537257349123, '泡椒臭干子', 'c742684b-9815-45bf-95b2-a1ccdb49b7c7.jpg', 1660201537257349121, NULL, 1649332513250332673, NULL, 1, 2.00);
INSERT INTO `order_detail` VALUES (1660201537257349124, '百事可乐', 'aca50336-528d-4650-97ee-073052f6b9fd.jpg', 1660201537257349121, NULL, 1648605522645610498, NULL, 1, 2.00);

-- ----------------------------
-- Table structure for orders
-- ----------------------------
DROP TABLE IF EXISTS `orders`;
CREATE TABLE `orders`  (
  `id` bigint(20) NOT NULL COMMENT '主键',
  `number` varchar(50) CHARACTER SET utf8 COLLATE utf8_bin NULL DEFAULT NULL COMMENT '订单号',
  `status` int(11) NOT NULL DEFAULT 1 COMMENT '订单状态 1待付款，2待派送，3已派送，4已完成，5已取消',
  `user_id` bigint(20) NOT NULL COMMENT '下单用户',
  `address_book_id` bigint(20) NOT NULL COMMENT '地址id',
  `order_time` datetime NOT NULL COMMENT '下单时间',
  `checkout_time` datetime NOT NULL COMMENT '结账时间',
  `pay_method` int(11) NOT NULL DEFAULT 1 COMMENT '支付方式 1微信,2支付宝',
  `amount` decimal(10, 2) NOT NULL COMMENT '实收金额',
  `remark` varchar(100) CHARACTER SET utf8 COLLATE utf8_bin NULL DEFAULT NULL COMMENT '备注',
  `phone` varchar(255) CHARACTER SET utf8 COLLATE utf8_bin NULL DEFAULT NULL COMMENT '电话号码',
  `address` varchar(255) CHARACTER SET utf8 COLLATE utf8_bin NULL DEFAULT NULL COMMENT '地址',
  `user_name` varchar(255) CHARACTER SET utf8 COLLATE utf8_bin NULL DEFAULT NULL COMMENT '用户名',
  `consignee` varchar(255) CHARACTER SET utf8 COLLATE utf8_bin NULL DEFAULT NULL,
  PRIMARY KEY (`id`) USING BTREE
) ENGINE = InnoDB CHARACTER SET = utf8 COLLATE = utf8_bin COMMENT = '订单表' ROW_FORMAT = Dynamic;

-- ----------------------------
-- Records of orders
-- ----------------------------
INSERT INTO `orders` VALUES (1652957072310415361, '1652957072310415361', 4, 1651550629921411073, 1652957017927069698, '2023-05-01 16:44:11', '2023-05-01 16:44:11', 1, 10.00, '', '15807921745', '江西农业大学', NULL, 'ikun');
INSERT INTO `orders` VALUES (1652961613525307394, '1652961613525307394', 4, 1651550629921411073, 1652960646843183106, '2023-05-01 17:02:14', '2023-05-01 17:02:14', 1, 13.00, '666', '15807921745', '江西农业大学软件学院', NULL, 'ikun');
INSERT INTO `orders` VALUES (1660172609457352706, '1660172609457352706', 2, 1649253527258144769, 1652955564797964290, '2023-05-21 14:36:09', '2023-05-21 14:36:09', 1, 8.00, '', '15807921745', '江西农业大学', NULL, 'ikun');
INSERT INTO `orders` VALUES (1660172721956974594, '1660172721956974594', 2, 1649253527258144769, 1652955564797964290, '2023-05-21 14:36:36', '2023-05-21 14:36:36', 1, 8.00, '', '15807921745', '江西农业大学', NULL, 'ikun');
INSERT INTO `orders` VALUES (1660201537257349121, '1660201537257349121', 2, 1651550629921411073, 1652960646843183106, '2023-05-21 16:31:06', '2023-05-21 16:31:06', 1, 8.00, '', '15807921745', '江西农业大学软件学院', NULL, 'ikun');

-- ----------------------------
-- Table structure for setmeal
-- ----------------------------
DROP TABLE IF EXISTS `setmeal`;
CREATE TABLE `setmeal`  (
  `id` bigint(20) NOT NULL COMMENT '主键',
  `category_id` bigint(20) NOT NULL COMMENT '商品分类id',
  `name` varchar(64) CHARACTER SET utf8 COLLATE utf8_bin NOT NULL COMMENT '特惠商品名',
  `price` decimal(10, 2) NOT NULL COMMENT '特惠价格',
  `status` int(11) NULL DEFAULT NULL COMMENT '状态 0:停用 1:启用',
  `code` varchar(32) CHARACTER SET utf8 COLLATE utf8_bin NULL DEFAULT NULL COMMENT '编码',
  `description` varchar(512) CHARACTER SET utf8 COLLATE utf8_bin NULL DEFAULT NULL COMMENT '描述信息',
  `image` varchar(255) CHARACTER SET utf8 COLLATE utf8_bin NULL DEFAULT NULL COMMENT '图片',
  `create_time` datetime NOT NULL COMMENT '创建时间',
  `update_time` datetime NOT NULL COMMENT '更新时间',
  `create_user` bigint(20) NOT NULL COMMENT '创建人',
  `update_user` bigint(20) NOT NULL COMMENT '修改人',
  `is_deleted` int(11) NOT NULL DEFAULT 0 COMMENT '是否删除',
  PRIMARY KEY (`id`) USING BTREE,
  UNIQUE INDEX `idx_setmeal_name`(`name`) USING BTREE
) ENGINE = InnoDB CHARACTER SET = utf8 COLLATE = utf8_bin COMMENT = '套餐' ROW_FORMAT = Dynamic;

-- ----------------------------
-- Records of setmeal
-- ----------------------------
INSERT INTO `setmeal` VALUES (1648253974006571009, 1648243849803972609, '炭烧猪肉脯', 600.00, 1, '', '', 'ff9f7fb8-6747-484b-8616-91258d5dbbd9.jpg', '2023-04-18 17:15:45', '2023-04-19 16:25:45', 1, 1, 0);
INSERT INTO `setmeal` VALUES (1648604566348378114, 1648243849803972609, '常记掌心脆', 100.00, 1, '', '', '81d6d3e6-4def-4f2a-ac79-b5790693aea5.jpg', '2023-04-19 16:28:53', '2023-04-19 16:31:56', 1, 1, 0);
INSERT INTO `setmeal` VALUES (1648605522645610498, 1648243849803972609, '百事可乐', 200.00, 1, '', '', 'aca50336-528d-4650-97ee-073052f6b9fd.jpg', '2023-04-19 16:32:41', '2023-04-22 20:11:36', 1, 1649253527258144769, 0);
INSERT INTO `setmeal` VALUES (1649058448027537409, 1648243849803972609, '哇哈哈桂圆莲子八宝粥', 350.00, 1, '', '', 'f9069f4c-7b7e-437b-9192-c35a2abb5be1.jpg', '2023-04-20 22:32:27', '2023-04-20 22:32:27', 1, 1, 0);
INSERT INTO `setmeal` VALUES (1649331482135220225, 1648243849803972609, '绿箭口香糖', 200.00, 1, '', '', 'b995c0bc-f11d-46b5-a876-64d23186fc85.jpg', '2023-04-21 16:37:23', '2023-04-21 16:37:23', 1, 1, 0);
INSERT INTO `setmeal` VALUES (1649331746674167809, 1648243849803972609, '乐事香辣小龙虾味70g', 700.00, 1, '', '', '1b1e60ff-bb6b-43c2-b1f7-60b1aa70c7d6.jpg', '2023-04-21 16:38:26', '2023-04-21 16:38:26', 1, 1, 0);
INSERT INTO `setmeal` VALUES (1649331904463884290, 1648243849803972609, '洽洽白煮香瓜子160g', 600.00, 1, '', '', '71655f7f-64df-4911-b335-0728d1c76a92.jpg', '2023-04-21 16:39:04', '2023-04-21 16:39:04', 1, 1, 0);
INSERT INTO `setmeal` VALUES (1649332071195856897, 1648243849803972609, '喜之郎果冻', 450.00, 1, '', '', 'd1948ac3-ae9b-4150-a197-7f9eef2aef91.jpg', '2023-04-21 16:39:44', '2023-04-21 16:39:44', 1, 1, 0);
INSERT INTO `setmeal` VALUES (1649332302343950338, 1648243849803972609, '卫龙辣条大面筋', 400.00, 1, '', '', '71b31990-ac01-4c9b-8106-40ceccde93ee.jpg', '2023-04-21 16:40:39', '2023-04-21 16:40:39', 1, 1, 0);
INSERT INTO `setmeal` VALUES (1649332513250332673, 1648243849803972609, '泡椒臭干子', 200.00, 1, '', '', 'c742684b-9815-45bf-95b2-a1ccdb49b7c7.jpg', '2023-04-21 16:41:29', '2023-04-22 20:11:36', 1, 1649253527258144769, 0);
INSERT INTO `setmeal` VALUES (1649332793786355713, 1648243849803972609, '统一阿萨姆奶茶500ml', 400.00, 1, '', '', 'e8db1dcc-509a-43f4-886b-0c622b3f0357.jpg', '2023-04-21 16:42:36', '2023-04-22 20:11:36', 1, 1649253527258144769, 0);

-- ----------------------------
-- Table structure for setmeal_dish
-- ----------------------------
DROP TABLE IF EXISTS `setmeal_dish`;
CREATE TABLE `setmeal_dish`  (
  `id` bigint(20) NOT NULL COMMENT '主键',
  `setmeal_id` varchar(32) CHARACTER SET utf8 COLLATE utf8_bin NOT NULL COMMENT '特惠id ',
  `dish_id` varchar(32) CHARACTER SET utf8 COLLATE utf8_bin NOT NULL COMMENT '商品id',
  `name` varchar(32) CHARACTER SET utf8 COLLATE utf8_bin NULL DEFAULT NULL COMMENT '商品名称 （冗余字段）',
  `price` decimal(10, 2) NULL DEFAULT NULL COMMENT '商品原价（冗余字段）',
  `copies` int(11) NOT NULL COMMENT '份数',
  `sort` int(11) NOT NULL DEFAULT 0 COMMENT '排序',
  `create_time` datetime NOT NULL COMMENT '创建时间',
  `update_time` datetime NOT NULL COMMENT '更新时间',
  `create_user` bigint(20) NOT NULL COMMENT '创建人',
  `update_user` bigint(20) NOT NULL COMMENT '修改人',
  `is_deleted` int(11) NOT NULL DEFAULT 0 COMMENT '是否删除',
  PRIMARY KEY (`id`) USING BTREE
) ENGINE = InnoDB CHARACTER SET = utf8 COLLATE = utf8_bin COMMENT = '套餐菜品关系' ROW_FORMAT = Dynamic;

-- ----------------------------
-- Records of setmeal_dish
-- ----------------------------
INSERT INTO `setmeal_dish` VALUES (1648603777802448898, '1648253974006571009', '1397862198033297410', '炭烧猪肉脯', 750.00, 1, 0, '2023-04-19 16:25:45', '2023-04-19 16:25:45', 1, 1, 0);
INSERT INTO `setmeal_dish` VALUES (1648605333658660866, '1648604566348378114', '1397860963880316929', '掌心脆', 120.00, 1, 0, '2023-04-19 16:31:56', '2023-04-19 16:31:56', 1, 1, 0);
INSERT INTO `setmeal_dish` VALUES (1649058448027537410, '1649058448027537409', '1649056548607610881', '哇哈哈桂圆莲子八宝粥', 450.00, 1, 0, '2023-04-20 22:32:27', '2023-04-20 22:32:27', 1, 1, 0);
INSERT INTO `setmeal_dish` VALUES (1649331482135220226, '1649331482135220225', '1649330565679796226', '绿箭口香糖', 250.00, 1, 0, '2023-04-21 16:37:23', '2023-04-21 16:37:23', 1, 1, 0);
INSERT INTO `setmeal_dish` VALUES (1649331746674167810, '1649331746674167809', '1649325964272455682', '乐事香辣小龙虾味70g', 700.00, 1, 0, '2023-04-21 16:38:26', '2023-04-21 16:38:26', 1, 1, 0);
INSERT INTO `setmeal_dish` VALUES (1649331904463884291, '1649331904463884290', '1649328715257729026', '洽洽白煮香瓜子160g', 700.00, 1, 0, '2023-04-21 16:39:04', '2023-04-21 16:39:04', 1, 1, 0);
INSERT INTO `setmeal_dish` VALUES (1649332071195856898, '1649332071195856897', '1649329032045121538', '喜之郎果冻', 500.00, 1, 0, '2023-04-21 16:39:44', '2023-04-21 16:39:44', 1, 1, 0);
INSERT INTO `setmeal_dish` VALUES (1649332302343950339, '1649332302343950338', '1649222292003725314', '卫龙辣条大面筋', 450.00, 1, 0, '2023-04-21 16:40:39', '2023-04-21 16:40:39', 1, 1, 0);
INSERT INTO `setmeal_dish` VALUES (1649332513250332674, '1649332513250332673', '1649221880496365570', '泡椒臭干子', 250.00, 1, 0, '2023-04-21 16:41:29', '2023-04-21 16:41:29', 1, 1, 0);
INSERT INTO `setmeal_dish` VALUES (1649332604434501634, '1648605522645610498', '1647928585077972994', '百事可乐', 250.00, 1, 0, '2023-04-21 16:41:51', '2023-04-21 16:41:51', 1, 1, 0);
INSERT INTO `setmeal_dish` VALUES (1649332793786355714, '1649332793786355713', '1649054121183531009', '统一阿萨姆奶茶500ml', 400.00, 1, 0, '2023-04-21 16:42:36', '2023-04-21 16:42:36', 1, 1, 0);

-- ----------------------------
-- Table structure for shopping_cart
-- ----------------------------
DROP TABLE IF EXISTS `shopping_cart`;
CREATE TABLE `shopping_cart`  (
  `id` bigint(20) NOT NULL COMMENT '主键',
  `name` varchar(50) CHARACTER SET utf8 COLLATE utf8_bin NULL DEFAULT NULL COMMENT '名称',
  `image` varchar(100) CHARACTER SET utf8 COLLATE utf8_bin NULL DEFAULT NULL COMMENT '图片',
  `user_id` bigint(20) NOT NULL COMMENT '主键',
  `dish_id` bigint(20) NULL DEFAULT NULL COMMENT '商品id',
  `setmeal_id` bigint(20) NULL DEFAULT NULL COMMENT '特惠id',
  `dish_flavor` varchar(50) CHARACTER SET utf8 COLLATE utf8_bin NULL DEFAULT NULL COMMENT '规格',
  `number` int(11) NOT NULL DEFAULT 1 COMMENT '数量',
  `amount` decimal(10, 2) NOT NULL COMMENT '金额',
  `create_time` datetime NULL DEFAULT NULL COMMENT '创建时间',
  PRIMARY KEY (`id`) USING BTREE
) ENGINE = InnoDB CHARACTER SET = utf8 COLLATE = utf8_bin COMMENT = '购物车' ROW_FORMAT = Dynamic;

-- ----------------------------
-- Records of shopping_cart
-- ----------------------------
INSERT INTO `shopping_cart` VALUES (1650046051396640770, '泡椒臭干子', 'c742684b-9815-45bf-95b2-a1ccdb49b7c7.jpg', 1647208130515836929, NULL, 1649332513250332673, NULL, 1, 2.00, '2023-04-23 15:56:50');
INSERT INTO `shopping_cart` VALUES (1650046058212384770, '卫龙辣条大面筋', '71b31990-ac01-4c9b-8106-40ceccde93ee.jpg', 1647208130515836929, NULL, 1649332302343950338, NULL, 1, 4.00, '2023-04-23 15:56:51');
INSERT INTO `shopping_cart` VALUES (1650046062603821057, '喜之郎果冻', 'd1948ac3-ae9b-4150-a197-7f9eef2aef91.jpg', 1647208130515836929, NULL, 1649332071195856897, NULL, 1, 4.50, '2023-04-23 15:56:52');
INSERT INTO `shopping_cart` VALUES (1650046068173856769, '乐事香辣小龙虾味70g', '1b1e60ff-bb6b-43c2-b1f7-60b1aa70c7d6.jpg', 1647208130515836929, NULL, 1649331746674167809, NULL, 1, 7.00, '2023-04-23 15:56:54');
INSERT INTO `shopping_cart` VALUES (1650397829099237378, '奈川的雪夹心饼干', '4b8ee85e-fce1-420a-9d19-c9b03ca63b7a.jpg', 1650397803878887426, 1648223991028527106, NULL, NULL, 1, 5.00, '2023-04-24 15:14:40');
INSERT INTO `shopping_cart` VALUES (1650397829162151937, '鸡蛋卷', 'd24bddf4-e67a-4dee-9ef7-1f9a36cb92e2.jpg', 1650397803878887426, 1648224137594286081, NULL, NULL, 1, 5.00, '2023-04-24 15:14:40');
INSERT INTO `shopping_cart` VALUES (1650397829162151938, '双汇火旋风刻花肠', '4d6bdf21-7cb1-4525-8a90-4d40427932bd.jpg', 1650397803878887426, 1648161619354157058, NULL, NULL, 1, 2.50, '2023-04-24 15:14:40');
INSERT INTO `shopping_cart` VALUES (1650397829162151939, '双汇玉米热狗肠32g', 'a5f2dd32-c75d-4936-998e-518255092e87.jpg', 1650397803878887426, 1397849739276890114, NULL, NULL, 1, 1.50, '2023-04-24 15:14:40');
INSERT INTO `shopping_cart` VALUES (1651552203343253505, '统一阿萨姆奶茶500ml', 'e8db1dcc-509a-43f4-886b-0c622b3f0357.jpg', 1, NULL, 1649332793786355713, NULL, 1, 4.00, '2023-04-27 19:41:44');
INSERT INTO `shopping_cart` VALUES (1651552208183480322, '泡椒臭干子', 'c742684b-9815-45bf-95b2-a1ccdb49b7c7.jpg', 1, NULL, 1649332513250332673, NULL, 1, 2.00, '2023-04-27 19:41:45');
INSERT INTO `shopping_cart` VALUES (1651552223677239298, '百事可乐', 'aca50336-528d-4650-97ee-073052f6b9fd.jpg', 1, NULL, 1648605522645610498, NULL, 1, 2.00, '2023-04-27 19:41:49');

-- ----------------------------
-- Table structure for user
-- ----------------------------
DROP TABLE IF EXISTS `user`;
CREATE TABLE `user`  (
  `id` bigint(20) NOT NULL COMMENT '主键',
  `name` varchar(50) CHARACTER SET utf8 COLLATE utf8_bin NULL DEFAULT NULL COMMENT '姓名',
  `phone` varchar(100) CHARACTER SET utf8 COLLATE utf8_bin NOT NULL COMMENT '手机号',
  `sex` varchar(2) CHARACTER SET utf8 COLLATE utf8_bin NULL DEFAULT NULL COMMENT '性别',
  `id_number` varchar(18) CHARACTER SET utf8 COLLATE utf8_bin NULL DEFAULT NULL COMMENT '身份证号',
  `avatar` varchar(500) CHARACTER SET utf8 COLLATE utf8_bin NULL DEFAULT NULL COMMENT '头像',
  `status` int(11) NULL DEFAULT 0 COMMENT '状态 0:禁用，1:正常',
  PRIMARY KEY (`id`) USING BTREE
) ENGINE = InnoDB CHARACTER SET = utf8 COLLATE = utf8_bin COMMENT = '用户信息' ROW_FORMAT = Dynamic;

-- ----------------------------
-- Records of user
-- ----------------------------
INSERT INTO `user` VALUES (1648669967187005441, NULL, '13970095229', NULL, NULL, NULL, 1);
INSERT INTO `user` VALUES (1648685461315039233, NULL, '13870095229', NULL, NULL, NULL, 1);
INSERT INTO `user` VALUES (1649253527258144769, NULL, '13412345678', NULL, NULL, NULL, 1);
INSERT INTO `user` VALUES (1649378620974149633, NULL, '15879267781', NULL, NULL, NULL, 1);
INSERT INTO `user` VALUES (1650397803878887426, NULL, '13456789524', NULL, NULL, NULL, 1);
INSERT INTO `user` VALUES (1650830442771259394, NULL, '13413456789', NULL, NULL, NULL, 1);
INSERT INTO `user` VALUES (1651550629921411073, NULL, '15807921745', NULL, NULL, NULL, 1);

SET FOREIGN_KEY_CHECKS = 1;
